material,tool_material,coolant,tool_diameter_mm,num_flutes,cutting_speed_m_min,feed_per_tooth_mm,axial_depth_mm,radial_depth_mm,rpm,table_feed_mm_min,mrr_cm3_min,torque_Nm,tool_life_min,machining_time_min,VB_mm
FC250,carbide,mql,10,4,167.8,0.2,1.98,1.35,5342.0,4267.0,11.41,408.06,10.8,8.2,0.2126
SKD11,hss,dry,12,3,104.9,0.048,0.71,0.8,2783.0,397.0,0.23,38.61,5.0,3.2,0.1596
A5052,cbn,oil,20,4,166.3,0.488,3.88,1.51,2647.0,5169.0,30.21,1453.0,71.9,84.9,0.5298
SKD11,cbn,mql,8,3,45.3,0.028,2.86,8.29,1804.0,154.0,3.65,965.75,480.5,30.2,0.0299
FC250,cbn,dry,12,3,139.4,0.059,9.14,7.47,3698.0,650.0,44.35,2290.44,25.1,7.1,0.0895
SKD11,cbn,oil,25,6,99.8,0.142,2.71,5.05,1270.0,1083.0,14.81,5567.66,15.3,10.0,0.2005
SKD11,cermet,water_soluble,12,2,54.4,0.128,1.2,1.37,1444.0,369.0,0.61,200.35,390.4,240.9,0.1455
S45C,cermet,water_soluble,10,4,113.8,0.051,8.25,17.63,3622.0,744.0,108.25,9514.07,55.5,5.9,0.0443
S45C,cermet,mql,20,6,224.5,0.162,1.41,1.88,3573.0,3481.0,9.2,819.51,5.2,4.1,0.1933
A5052,carbide,mql,25,3,191.9,0.371,11.53,17.06,2443.0,2719.0,534.74,27871.47,15.3,10.1,0.1728
SUS304,cermet,water_soluble,12,3,70.2,0.182,2.53,4.5,1861.0,1018.0,11.61,2481.74,161.1,117.3,0.1953
SKD11,cermet,water_soluble,16,3,36.9,0.058,0.65,1.85,735.0,127.0,0.15,99.66,513.3,261.6,0.1544
FC250,cermet,oil,20,2,186.0,0.131,1.66,2.1,2960.0,776.0,2.7,174.2,11.1,9.0,0.1787
SKD11,carbide,mql,10,3,30.6,0.086,1.37,1.3,975.0,253.0,0.45,220.37,483.8,282.9,0.1508
S45C,cermet,water_soluble,10,2,91.0,0.113,2.85,6.1,2898.0,658.0,11.41,1252.95,120.7,144.5,0.5256
SUS304,hss,dry,8,2,55.1,0.077,4.57,3.66,2194.0,340.0,5.68,1030.62,101.9,120.5,0.4981
FC250,cbn,mql,8,3,124.4,0.111,8.13,11.74,4948.0,1641.0,156.55,6042.48,42.8,42.1,0.3118
S45C,cermet,mql,10,3,111.7,0.06,6.11,12.59,3556.0,642.0,49.41,4423.54,49.8,14.3,0.093
FC250,carbide,water_soluble,6,2,127.7,0.179,8.46,17.31,6775.0,2431.0,355.94,10033.74,16.7,11.3,0.1917
FC250,cermet,oil,20,6,197.9,0.179,2.98,8.9,3149.0,3385.0,89.74,5442.36,6.0,6.5,0.3489
S45C,cbn,mql,12,4,203.4,0.274,8.93,21.0,5396.0,5920.0,1109.6,65459.36,5.4,5.3,0.2989
A5052,cermet,oil,8,3,479.0,0.488,4.62,4.58,19061.0,27913.0,589.82,3939.94,4.9,5.9,0.5057
FC250,carbide,oil,6,6,119.0,0.237,6.67,17.07,6316.0,8967.0,1021.27,30883.26,19.9,3.1,0.0563
SKD11,cbn,oil,25,6,111.5,0.076,1.18,2.46,1420.0,652.0,1.89,636.44,16.1,5.2,0.0978
FC250,cbn,dry,16,3,157.5,0.094,9.43,27.02,3133.0,886.0,225.87,13770.94,11.4,1.2,0.0521
S45C,hss,water_soluble,25,2,177.3,0.295,1.22,1.46,2257.0,1332.0,2.37,333.94,4.8,1.8,0.1119
SUS304,cbn,dry,25,4,57.0,0.066,3.45,4.04,726.0,190.0,2.65,1454.24,479.5,97.4,0.0766
S45C,cbn,oil,6,6,141.1,0.123,8.19,20.0,7486.0,5543.0,907.64,38592.04,23.8,15.1,0.171
SKD11,cermet,water_soluble,25,6,36.4,0.072,0.34,0.97,463.0,199.0,0.07,67.83,507.9,132.1,0.087
A5052,carbide,oil,12,3,339.9,0.179,9.07,1.31,9017.0,4840.0,57.69,814.59,6.6,3.5,0.1299
S45C,cermet,water_soluble,12,3,126.2,0.291,4.84,12.32,3347.0,2925.0,174.47,16595.2,17.8,14.0,0.2205
SKD11,hss,dry,8,4,94.3,0.025,1.32,2.0,3753.0,380.0,1.0,127.16,5.4,2.0,0.0954
S45C,cermet,water_soluble,20,6,89.9,0.279,4.7,3.76,1431.0,2393.0,42.35,9421.6,73.2,82.1,0.4623
SKD11,cbn,dry,10,2,79.9,0.1,1.37,1.4,2543.0,506.0,0.97,182.66,44.9,19.1,0.1067
S45C,hss,oil,16,4,246.5,0.094,0.66,1.64,4904.0,1841.0,2.0,129.65,4.8,3.2,0.1869
SUS304,hss,oil,8,6,113.5,0.038,2.06,4.06,4516.0,1022.0,8.54,752.31,9.2,7.6,0.1903
SUS304,carbide,dry,12,2,108.6,0.19,3.0,3.8,2880.0,1094.0,12.5,1727.15,8.2,5.8,0.2138
A5052,carbide,water_soluble,20,3,378.0,0.143,4.47,3.27,6016.0,2581.0,37.77,799.35,5.8,4.7,0.1998
SUS304,cermet,water_soluble,12,3,134.5,0.034,4.13,3.85,3567.0,363.0,5.77,644.1,14.2,11.1,0.2288
FC250,carbide,water_soluble,10,2,196.1,0.187,4.52,7.93,6242.0,2335.0,83.73,2561.83,5.2,1.7,0.0896
SKD11,cermet,water_soluble,6,3,91.2,0.116,0.87,1.29,4838.0,1686.0,1.89,186.68,27.7,13.6,0.1285
A5052,carbide,dry,20,4,153.8,0.457,1.82,2.09,2448.0,4479.0,17.05,886.78,37.2,26.0,0.1937
SKD11,carbide,mql,6,4,84.2,0.092,0.8,2.29,4468.0,1644.0,2.99,319.43,31.1,18.9,0.1432
SUS304,carbide,mql,8,3,138.8,0.09,0.85,0.79,5521.0,1485.0,1.0,72.17,9.2,2.0,0.064
SKD11,cermet,oil,20,4,65.7,0.136,0.61,1.18,1046.0,569.0,0.41,187.59,165.8,171.8,0.3743
S45C,cbn,mql,16,6,247.6,0.238,4.07,1.48,4926.0,7045.0,42.45,2742.96,5.1,3.2,0.1888
A5052,carbide,water_soluble,25,2,291.8,0.307,11.24,23.13,3716.0,2283.0,593.7,20344.74,6.2,5.4,0.2032
S45C,cbn,dry,12,2,128.6,0.267,2.62,7.6,3410.0,1822.0,36.35,3392.47,21.0,2.0,0.049
SKD11,cbn,dry,6,2,36.6,0.092,2.91,4.81,1944.0,358.0,5.01,1231.79,519.6,136.9,0.0867
A5052,cermet,mql,12,6,165.9,0.176,14.28,26.76,4401.0,4659.0,1780.54,51514.69,37.8,13.3,0.0946
SUS304,cermet,oil,10,3,72.9,0.075,1.99,1.92,2322.0,524.0,2.01,344.49,214.1,72.6,0.0987
SKD11,cermet,dry,16,4,44.6,0.138,2.5,7.16,888.0,492.0,8.81,4736.3,500.6,25.7,0.0258
A5052,carbide,water_soluble,6,4,159.2,0.219,12.25,29.62,8447.0,7414.0,2691.1,40562.06,38.9,18.4,0.1517
A5052,carbide,water_soluble,25,3,172.2,0.067,2.44,0.59,2193.0,438.0,0.63,36.82,121.4,78.3,0.1865
A5052,carbide,mql,20,2,419.1,0.475,12.82,7.8,6671.0,6339.0,633.64,12093.86,4.6,5.3,0.5089
S45C,carbide,dry,8,3,185.1,0.14,1.58,3.35,7364.0,3083.0,16.28,703.72,5.3,3.8,0.2101
FC250,carbide,oil,25,2,185.2,0.151,1.77,0.64,2358.0,712.0,0.81,65.27,9.7,8.5,0.2036
FC250,hss,oil,8,6,153.0,0.209,5.77,2.03,6087.0,7638.0,89.48,2807.7,5.0,3.3,0.1961
SUS304,cbn,water_soluble,12,6,145.0,0.055,4.65,7.13,3845.0,1269.0,42.09,4355.85,11.1,13.1,0.53
SKD11,hss,mql,25,4,82.2,0.064,1.7,2.62,1046.0,270.0,1.2,549.78,10.2,8.2,0.19
S45C,cbn,dry,10,2,160.6,0.217,2.14,1.64,5111.0,2217.0,7.75,482.93,9.8,4.0,0.1062
SKD11,hss,water_soluble,8,2,78.1,0.066,2.7,1.48,3107.0,412.0,1.65,253.26,14.8,2.5,0.0617
A5052,cbn,dry,16,6,171.4,0.175,12.19,22.57,3409.0,3572.0,982.81,36702.52,35.7,16.5,0.1298
SUS304,cermet,mql,10,4,103.1,0.152,0.59,0.69,3283.0,2002.0,0.82,99.15,42.2,42.9,0.3396
FC250,carbide,oil,16,6,133.7,0.183,2.8,2.63,2660.0,2923.0,21.55,1547.36,20.2,8.5,0.11
SUS304,hss,dry,6,2,73.3,0.088,2.53,3.02,3890.0,687.0,5.24,535.52,27.8,19.9,0.2037
S45C,cermet,mql,10,6,144.4,0.134,9.05,16.69,4596.0,3705.0,559.29,38734.43,10.4,4.8,0.147
SKD11,hss,water_soluble,20,3,43.8,0.052,0.65,0.77,696.0,109.0,0.05,37.28,467.3,269.1,0.1374
A5052,cbn,dry,10,6,393.9,0.499,13.5,17.49,12539.0,37525.0,8861.82,89982.22,4.5,5.3,0.526
A5052,hss,water_soluble,16,3,401.5,0.291,7.41,18.72,7987.0,6967.0,966.79,15412.4,5.5,5.0,0.2141
FC250,carbide,dry,10,4,93.8,0.203,3.24,5.86,2985.0,2420.0,45.99,2942.47,39.2,25.5,0.1514
SUS304,cermet,oil,12,2,104.9,0.123,1.25,2.72,2782.0,686.0,2.33,333.28,31.3,1.1,0.014
A5052,hss,mql,10,2,475.3,0.424,14.49,4.17,15130.0,12824.0,774.41,6516.79,4.7,2.8,0.1802
FC250,cermet,water_soluble,16,2,96.8,0.249,2.42,1.6,1925.0,958.0,3.71,368.25,90.8,72.8,0.2115
FC250,carbide,water_soluble,10,2,150.6,0.221,4.79,10.41,4794.0,2116.0,105.58,4206.6,10.5,9.7,0.2433
S45C,carbide,water_soluble,25,4,146.6,0.183,1.13,1.16,1866.0,1366.0,1.8,307.16,18.6,8.1,0.1326
SUS304,cermet,dry,12,2,129.4,0.135,2.81,7.58,3433.0,930.0,19.78,2293.36,4.7,2.4,0.1336
S45C,hss,dry,20,2,176.9,0.241,8.83,9.39,2815.0,1355.0,112.32,12699.63,4.6,4.8,0.3105
SKD11,cermet,water_soluble,10,4,73.8,0.073,2.36,0.58,2348.0,687.0,0.94,191.48,87.8,75.7,0.2253
FC250,cbn,oil,20,4,189.0,0.196,4.31,6.24,3008.0,2357.0,63.35,4022.12,9.5,7.1,0.1978
S45C,carbide,mql,16,6,203.4,0.198,1.47,4.1,4047.0,4814.0,29.0,2280.76,4.5,3.9,0.2355
SUS304,carbide,oil,6,3,57.7,0.048,4.25,11.66,3063.0,438.0,21.72,2821.94,473.6,50.5,0.0422
S45C,carbide,mql,16,2,132.9,0.107,6.27,7.45,2645.0,565.0,26.43,3180.28,15.1,14.5,0.2755
A5052,cbn,dry,8,4,338.1,0.464,5.52,6.07,13452.0,24964.0,837.32,7925.23,5.0,2.1,0.1201
A5052,hss,dry,16,4,352.2,0.124,0.99,1.27,7006.0,3489.0,4.39,79.84,4.8,2.0,0.1116
S45C,cbn,water_soluble,16,6,243.4,0.087,4.44,1.59,4842.0,2532.0,17.92,1177.85,5.0,4.0,0.1818
A5052,cbn,dry,20,6,464.3,0.142,3.26,0.84,7390.0,6310.0,17.3,298.07,5.1,1.3,0.0904
SUS304,hss,oil,6,6,94.1,0.098,2.93,1.79,4991.0,2939.0,15.39,1226.79,13.9,15.8,0.4511
SUS304,cbn,oil,25,2,102.7,0.166,4.9,12.43,1307.0,434.0,26.45,8051.87,30.8,20.9,0.1676
A5052,cbn,water_soluble,12,4,358.3,0.203,8.76,23.37,9503.0,7704.0,1576.71,21124.43,9.2,9.0,0.3316
A5052,cermet,dry,8,4,480.5,0.113,6.39,6.55,19120.0,8680.0,363.52,2420.7,5.1,4.8,0.2769
SKD11,cbn,dry,10,3,87.9,0.112,2.75,5.34,2797.0,936.0,13.74,2346.05,21.2,9.9,0.1129
FC250,carbide,water_soluble,12,3,129.1,0.188,4.64,4.45,3425.0,1932.0,39.96,2228.08,23.4,4.8,0.0774
A5052,hss,mql,8,2,429.9,0.241,0.83,1.03,17107.0,8257.0,7.03,52.34,4.9,2.1,0.1259
FC250,hss,oil,16,3,188.1,0.223,6.99,17.34,3742.0,2501.0,303.12,15472.57,5.1,2.4,0.1348
S45C,hss,oil,25,3,202.4,0.077,1.83,1.82,2577.0,593.0,1.97,243.24,5.2,2.3,0.1311
SKD11,cbn,oil,8,6,112.3,0.074,1.27,2.22,4468.0,1996.0,5.64,603.1,15.8,4.3,0.0752
A5052,hss,water_soluble,25,6,286.3,0.18,5.66,12.34,3645.0,3934.0,274.75,9598.03,5.1,3.4,0.1893
SKD11,cermet,water_soluble,6,3,54.3,0.09,0.65,1.73,2880.0,779.0,0.88,146.02,545.5,47.2,0.0404
SUS304,carbide,water_soluble,8,2,57.5,0.154,2.63,5.58,2288.0,704.0,10.33,1796.77,392.4,245.9,0.1843
FC250,cbn,oil,6,2,80.6,0.076,3.49,8.55,4278.0,648.0,19.33,863.01,378.8,207.5,0.1515
FC250,hss,dry,20,6,184.8,0.233,8.16,16.3,2940.0,4112.0,547.12,35536.5,5.3,2.4,0.1247
A5052,hss,water_soluble,25,3,480.4,0.068,10.73,27.79,6117.0,1243.0,370.77,7717.69,5.1,5.7,0.373
SKD11,cbn,water_soluble,25,3,47.3,0.035,1.38,3.4,603.0,63.0,0.3,235.11,455.5,137.1,0.093
S45C,hss,mql,10,6,142.0,0.19,5.07,13.52,4520.0,5157.0,353.49,24893.6,4.9,3.0,0.1678
S45C,cermet,water_soluble,12,3,192.5,0.234,5.44,7.25,5106.0,3591.0,141.77,8838.3,4.9,3.3,0.2041
A5052,cbn,water_soluble,12,2,335.1,0.473,12.08,29.94,8890.0,8402.0,3039.31,43531.7,6.6,3.8,0.1557
S45C,cermet,dry,12,2,126.2,0.15,1.37,1.72,3347.0,1001.0,2.36,223.97,23.7,1.1,0.0205
SUS304,cermet,oil,6,4,73.4,0.037,0.38,1.14,3892.0,578.0,0.25,25.98,488.4,204.2,0.1098
SUS304,carbide,water_soluble,10,3,75.9,0.13,4.92,13.1,2416.0,943.0,60.72,9999.84,88.5,18.6,0.0813
A5052,cermet,dry,10,3,443.2,0.154,12.54,4.05,14109.0,6508.0,330.63,2983.77,4.9,1.2,0.089
SKD11,carbide,oil,16,4,117.2,0.135,2.8,8.35,2332.0,1258.0,29.4,6020.45,4.9,4.7,0.2828
A5052,cermet,mql,20,2,228.6,0.151,8.29,14.94,3638.0,1096.0,135.77,4752.22,17.9,19.0,0.3364
FC250,carbide,water_soluble,6,2,85.3,0.263,0.84,1.16,4527.0,2381.0,2.31,97.6,159.0,54.4,0.0945
A5052,carbide,dry,16,2,323.6,0.086,3.69,7.73,6437.0,1113.0,31.77,628.33,7.3,4.8,0.1768
SKD11,cbn,oil,6,3,81.4,0.106,1.72,4.54,4319.0,1375.0,10.74,1187.01,62.5,65.3,0.3176
A5052,cbn,dry,25,4,397.9,0.427,10.61,20.56,5067.0,8647.0,1887.18,47425.37,5.3,1.8,0.1159
SUS304,carbide,mql,25,4,137.9,0.031,4.15,3.23,1756.0,217.0,2.91,660.22,8.1,5.8,0.2064
FC250,cbn,oil,25,3,114.4,0.204,9.82,18.8,1457.0,893.0,164.84,21605.53,44.2,29.1,0.1914
A5052,hss,mql,20,2,339.4,0.483,5.46,10.54,5402.0,5222.0,300.41,7079.95,4.6,5.2,0.4939
SUS304,cermet,mql,20,3,66.6,0.161,3.63,5.42,1061.0,512.0,10.09,3783.53,163.5,167.4,0.3701
SKD11,cermet,dry,6,3,88.3,0.097,1.27,0.72,4683.0,1367.0,1.25,127.47,17.4,17.3,0.272
SUS304,hss,oil,25,4,96.9,0.191,0.78,2.07,1233.0,940.0,1.52,490.41,12.6,5.2,0.1311
FC250,hss,mql,16,4,112.8,0.288,1.94,2.79,2244.0,2582.0,13.96,1188.18,9.8,7.9,0.2036
S45C,carbide,mql,10,6,133.0,0.13,7.38,16.64,4235.0,3308.0,406.41,30549.79,13.9,12.2,0.228
FC250,cermet,mql,25,4,196.2,0.096,8.75,20.5,2498.0,963.0,172.79,13211.46,5.5,5.3,0.2751
FC250,carbide,dry,20,4,190.5,0.204,8.07,11.91,3032.0,2476.0,237.95,14988.76,4.6,4.1,0.2237
S45C,cermet,mql,16,2,190.8,0.131,6.11,8.22,3795.0,998.0,50.11,4203.03,4.5,1.3,0.0875
A5052,carbide,water_soluble,6,2,451.0,0.401,1.07,1.81,23929.0,19188.0,37.29,198.41,4.6,3.6,0.1753
FC250,cermet,water_soluble,6,2,147.2,0.052,3.6,5.83,7807.0,819.0,17.21,420.92,32.4,2.3,0.0274
SUS304,hss,mql,12,2,70.1,0.148,4.16,0.99,1859.0,550.0,2.27,486.32,42.7,7.2,0.0687
S45C,hss,water_soluble,8,6,88.8,0.185,7.24,18.97,3535.0,3930.0,539.56,48589.54,20.5,9.0,0.1369
A5052,cermet,dry,6,6,341.7,0.418,7.06,13.81,18125.0,45435.0,4427.88,31104.03,5.2,1.4,0.0746
FC250,carbide,water_soluble,16,4,184.6,0.105,9.77,10.21,3673.0,1540.0,153.55,7984.52,6.1,1.3,0.0635
SUS304,cbn,oil,10,4,83.2,0.122,2.62,1.1,2649.0,1295.0,3.73,560.09,143.3,72.5,0.1282
FC250,carbide,oil,12,6,195.3,0.154,8.54,16.29,5180.0,4786.0,665.88,24549.41,5.3,3.7,0.1888
A5052,cermet,water_soluble,8,6,303.5,0.376,7.56,19.86,12076.0,27271.0,4093.54,43158.66,6.4,2.9,0.1297
SKD11,cermet,mql,12,6,86.1,0.102,2.25,1.32,2283.0,1399.0,4.17,872.0,26.4,20.4,0.1959
SUS304,cbn,water_soluble,25,3,135.4,0.114,1.46,3.88,1724.0,588.0,3.34,770.52,16.4,7.7,0.1359
S45C,cbn,water_soluble,12,6,244.8,0.115,6.74,6.91,6494.0,4462.0,207.85,10188.68,4.9,2.2,0.1152
SUS304,cbn,oil,6,2,67.0,0.118,1.88,4.77,3553.0,841.0,7.56,846.44,432.3,185.5,0.1302
FC250,cermet,water_soluble,12,6,152.7,0.139,5.57,13.17,4050.0,3382.0,247.98,11695.5,15.0,15.7,0.3204
SKD11,cermet,oil,6,4,118.8,0.036,0.85,0.61,6303.0,907.0,0.47,35.26,10.4,3.1,0.0797
S45C,carbide,mql,10,3,87.1,0.087,9.87,28.6,2771.0,724.0,204.47,23484.57,83.6,64.4,0.2257
A5052,hss,mql,8,3,383.4,0.113,0.93,1.21,15255.0,5164.0,5.84,48.72,5.2,1.9,0.0953
SKD11,cermet,oil,8,4,108.1,0.043,2.14,5.46,4302.0,741.0,8.65,959.94,11.6,7.4,0.1784
S45C,cermet,mql,20,2,238.3,0.222,6.93,4.87,3792.0,1687.0,56.94,4779.74,5.2,4.0,0.1947
SUS304,hss,dry,6,2,54.8,0.196,2.21,5.84,2908.0,1141.0,14.75,2017.95,79.9,71.0,0.2539
SKD11,hss,oil,25,4,113.3,0.077,2.72,7.23,1443.0,444.0,8.75,2896.61,5.4,3.0,0.1456
S45C,carbide,mql,16,2,187.1,0.202,5.85,6.99,3723.0,1507.0,61.66,5272.26,5.1,3.8,0.1935
SUS304,cbn,mql,16,3,66.8,0.139,3.87,6.06,1330.0,555.0,13.02,3895.66,334.2,254.3,0.2258
SKD11,hss,water_soluble,25,4,64.2,0.072,1.82,3.15,818.0,235.0,1.35,789.57,49.0,48.0,0.3009
A5052,cbn,water_soluble,25,2,437.8,0.244,13.5,2.6,5575.0,2719.0,95.56,2182.61,5.2,3.0,0.143
SKD11,hss,mql,10,2,39.1,0.083,0.92,1.14,1245.0,207.0,0.22,83.41,530.3,162.2,0.0882
FC250,hss,oil,25,4,128.0,0.294,8.32,13.28,1630.0,1918.0,211.88,24831.9,5.4,5.3,0.2693
S45C,hss,water_soluble,6,6,123.6,0.291,5.09,12.41,6558.0,11440.0,723.33,35108.89,4.5,3.8,0.2426
SKD11,hss,dry,16,3,50.5,0.048,1.91,2.65,1005.0,143.0,0.73,345.07,126.1,54.1,0.1129
SKD11,cermet,oil,10,6,95.9,0.131,2.08,5.15,3052.0,2392.0,25.61,4006.81,11.8,6.6,0.1369
S45C,cbn,dry,25,4,226.7,0.104,1.41,0.59,2886.0,1203.0,1.0,109.95,5.1,3.8,0.1811
SKD11,carbide,water_soluble,10,3,74.7,0.148,0.58,1.37,2378.0,1059.0,0.84,169.04,68.5,59.3,0.2323
FC250,hss,mql,12,6,152.4,0.134,9.1,21.21,4042.0,3257.0,628.94,29716.2,5.1,4.1,0.2023
S45C,cbn,oil,16,6,140.3,0.067,5.43,1.57,2792.0,1128.0,9.61,1095.36,39.8,26.2,0.1971
SUS304,cbn,oil,12,3,73.1,0.108,1.19,0.66,1939.0,626.0,0.49,101.53,388.9,298.6,0.1992
FC250,cermet,oil,6,4,147.5,0.289,2.17,4.64,7824.0,9057.0,90.95,2220.11,15.6,2.7,0.0615
FC250,carbide,dry,12,4,159.8,0.249,9.31,6.93,4239.0,4219.0,272.36,12272.41,4.7,5.5,0.6281
FC250,carbide,water_soluble,6,2,160.6,0.073,2.94,7.06,8519.0,1248.0,25.92,580.99,19.2,18.2,0.2768
FC250,carbide,mql,6,2,111.6,0.14,1.33,3.78,5919.0,1658.0,8.34,269.25,52.1,25.4,0.1343
FC250,hss,mql,12,3,99.4,0.247,5.96,10.34,2637.0,1951.0,120.23,8708.04,10.8,5.8,0.1486
SKD11,cbn,oil,12,3,109.0,0.133,2.46,5.93,2892.0,1152.0,16.78,2770.82,8.8,4.9,0.1365
SUS304,cbn,oil,16,3,145.7,0.127,4.68,8.29,2899.0,1108.0,43.05,5908.7,6.3,5.0,0.1852
SKD11,cermet,mql,16,3,115.8,0.127,2.07,1.19,2303.0,879.0,2.17,449.53,5.0,2.2,0.1078
FC250,cermet,dry,12,4,131.9,0.128,5.31,7.28,3499.0,1791.0,69.2,3777.25,15.3,4.7,0.098
FC250,cbn,mql,20,4,126.4,0.191,2.32,1.87,2011.0,1538.0,6.67,633.64,55.8,41.9,0.1862
A5052,carbide,mql,12,2,176.1,0.402,4.35,2.73,4672.0,3758.0,44.61,1215.78,29.4,35.1,0.6161
FC250,cermet,water_soluble,12,4,154.9,0.182,4.55,2.22,4108.0,2987.0,30.13,1400.61,14.9,4.3,0.0856
FC250,hss,oil,20,4,101.2,0.147,9.66,7.58,1611.0,946.0,69.2,8203.43,12.5,12.1,0.278
SUS304,cermet,mql,16,3,111.9,0.085,4.22,8.15,2226.0,568.0,19.54,3492.33,15.5,1.8,0.0462
S45C,cermet,mql,12,3,157.2,0.261,1.43,2.35,4171.0,3267.0,11.01,839.98,10.4,9.5,0.2355
S45C,carbide,dry,6,6,226.1,0.148,9.58,4.26,11996.0,10660.0,435.39,11552.66,4.8,4.3,0.2242
SKD11,carbide,oil,25,3,113.7,0.053,2.39,6.0,1448.0,230.0,3.29,1084.74,6.0,3.8,0.1566
S45C,cermet,mql,16,6,168.1,0.088,7.51,11.78,3345.0,1757.0,155.3,14779.49,6.9,1.6,0.0817
SKD11,cbn,dry,25,3,39.5,0.025,1.62,2.19,503.0,37.0,0.13,125.71,549.2,291.3,0.1659
A5052,cermet,mql,8,3,210.9,0.094,10.07,23.05,8393.0,2374.0,551.21,8362.05,26.1,16.6,0.1919
S45C,carbide,oil,6,2,193.4,0.053,2.93,2.66,10263.0,1080.0,8.4,260.56,8.4,5.3,0.1918
SUS304,carbide,dry,25,6,79.3,0.197,3.13,5.68,1009.0,1191.0,21.15,8334.67,39.8,31.7,0.1858
S45C,cermet,oil,6,3,118.2,0.143,4.6,6.35,6270.0,2691.0,78.68,3994.24,35.3,10.9,0.0838
A5052,hss,water_soluble,6,6,376.0,0.179,12.33,25.91,19949.0,21385.0,6832.51,43607.86,5.4,2.4,0.1349
SKD11,hss,dry,20,3,97.3,0.093,0.71,0.59,1549.0,430.0,0.18,54.9,5.5,6.2,0.4008
SUS304,hss,water_soluble,25,6,118.5,0.046,4.84,7.34,1509.0,413.0,14.67,3866.64,4.8,3.0,0.1798
S45C,cermet,mql,25,2,130.6,0.191,7.04,18.52,1663.0,636.0,82.97,15884.27,14.6,3.7,0.0793
S45C,cermet,water_soluble,8,4,229.8,0.119,2.34,6.24,9145.0,4371.0,63.92,2224.77,4.8,4.5,0.2812
A5052,cbn,oil,8,3,274.4,0.403,8.54,0.63,10917.0,13190.0,71.08,828.96,14.4,13.2,0.2172
SUS304,carbide,water_soluble,10,2,117.8,0.159,4.26,6.27,3751.0,1190.0,31.76,3369.07,8.9,4.7,0.153
SUS304,cermet,oil,16,3,109.3,0.097,2.24,4.83,2175.0,630.0,6.81,1245.43,25.4,11.5,0.1393
FC250,carbide,mql,8,4,184.9,0.178,7.37,2.75,7357.0,5225.0,105.97,2750.71,5.2,1.3,0.079
SUS304,cbn,mql,16,6,52.3,0.085,3.29,1.9,1040.0,529.0,3.3,1263.31,528.5,212.6,0.1263
A5052,cermet,water_soluble,12,2,201.6,0.198,6.79,2.26,5348.0,2114.0,32.48,773.33,36.5,32.5,0.2624
FC250,hss,water_soluble,25,3,100.8,0.209,5.21,3.2,1284.0,806.0,13.45,2000.82,16.7,15.2,0.2553
SUS304,cermet,water_soluble,6,3,68.4,0.092,1.87,0.63,3631.0,998.0,1.18,129.76,364.9,82.6,0.0752
SKD11,cbn,water_soluble,16,6,35.1,0.131,0.83,1.25,697.0,548.0,0.57,390.19,530.3,138.0,0.0823
SUS304,cermet,oil,20,2,122.8,0.114,2.35,5.29,1954.0,447.0,5.56,1132.23,11.6,8.9,0.1799
FC250,cermet,water_soluble,12,4,194.8,0.067,1.04,1.24,5167.0,1390.0,1.8,66.43,16.7,18.3,0.373
SUS304,carbide,water_soluble,8,3,76.8,0.057,4.31,1.08,3056.0,519.0,2.41,313.76,157.4,66.0,0.1136
A5052,cbn,oil,25,6,464.9,0.06,10.12,28.92,5920.0,2125.0,622.16,13381.5,7.3,1.4,0.0653
S45C,carbide,oil,6,4,246.5,0.086,7.39,4.64,13078.0,4512.0,154.76,3766.72,4.8,5.5,0.5492
SKD11,carbide,water_soluble,25,2,43.6,0.049,0.9,2.38,555.0,55.0,0.12,101.05,502.3,35.3,0.0351
SUS304,cbn,water_soluble,8,2,129.2,0.123,3.18,2.54,5140.0,1267.0,10.26,794.2,16.1,3.6,0.0775
S45C,hss,oil,25,6,158.6,0.153,6.68,11.16,2019.0,1853.0,138.28,21798.45,4.6,2.6,0.1773
A5052,cbn,water_soluble,20,6,220.5,0.166,2.89,3.2,3509.0,3503.0,32.34,1173.32,63.6,16.4,0.0917
FC250,cermet,oil,25,3,108.7,0.163,9.86,22.94,1383.0,676.0,152.83,21097.78,31.4,18.0,0.1759
S45C,hss,dry,10,4,215.7,0.143,4.79,6.01,6867.0,3927.0,113.14,5244.74,4.9,2.0,0.1043
FC250,cermet,water_soluble,20,6,149.3,0.209,8.08,9.9,2376.0,2975.0,237.99,19126.82,12.0,7.0,0.1617
SUS304,cbn,dry,6,6,135.7,0.184,1.6,4.73,7200.0,7951.0,60.27,3330.6,6.2,2.2,0.1171
FC250,cermet,mql,6,6,117.6,0.25,9.69,24.99,6238.0,9344.0,2263.45,69301.45,20.1,8.4,0.1374
SKD11,cbn,water_soluble,25,4,90.1,0.103,0.66,1.82,1147.0,470.0,0.57,236.52,52.0,1.8,0.0156
S45C,cermet,water_soluble,12,2,219.9,0.102,4.1,11.99,5833.0,1195.0,58.75,3206.19,4.8,5.4,0.3876
FC250,cermet,water_soluble,8,3,136.5,0.255,4.86,5.54,5433.0,4163.0,112.17,3943.27,19.4,8.5,0.1122
SKD11,cermet,dry,10,4,37.8,0.113,1.38,3.79,1205.0,547.0,2.85,1129.21,469.1,184.5,0.1119
S45C,carbide,dry,8,3,160.1,0.295,6.52,2.91,6371.0,5634.0,106.9,5341.13,4.8,1.0,0.0752
S45C,cermet,dry,8,2,248.6,0.068,1.23,1.59,9891.0,1349.0,2.64,84.92,4.7,2.7,0.1352
S45C,carbide,water_soluble,10,6,191.0,0.285,8.78,20.29,6081.0,10383.0,1848.65,96768.72,5.2,2.4,0.1445
A5052,cbn,mql,16,6,209.2,0.225,6.0,4.47,4161.0,5628.0,151.0,4619.86,38.7,19.7,0.1546
A5052,cermet,water_soluble,6,4,164.7,0.383,13.81,8.76,8738.0,13385.0,1619.73,23601.45,36.1,36.0,0.3142
FC250,cermet,water_soluble,12,4,195.5,0.232,3.4,8.53,5187.0,4806.0,139.25,5127.28,6.1,1.7,0.093
SKD11,cermet,dry,20,4,53.7,0.026,1.79,1.88,855.0,89.0,0.3,166.95,430.6,68.7,0.0631
S45C,cermet,mql,6,6,233.5,0.263,6.84,12.38,12387.0,19552.0,1657.13,42582.84,4.7,1.4,0.0831
S45C,cermet,oil,16,2,153.0,0.117,8.0,13.97,3043.0,712.0,79.51,8316.49,9.6,3.3,0.1025
SKD11,carbide,water_soluble,6,6,111.9,0.107,2.52,6.71,5935.0,3810.0,64.48,5187.82,5.0,3.2,0.1606
FC250,hss,mql,16,4,96.5,0.135,2.07,1.47,1920.0,1038.0,3.16,314.07,25.8,24.6,0.2749
FC250,cermet,dry,8,4,126.1,0.172,6.7,19.12,5019.0,3451.0,441.87,16814.24,13.6,8.8,0.1801
S45C,hss,water_soluble,8,2,86.8,0.201,9.12,6.92,3452.0,1388.0,87.54,8071.52,20.4,12.1,0.1672
A5052,cermet,water_soluble,6,3,316.0,0.316,8.29,21.31,16764.0,15887.0,2805.02,21303.88,6.6,6.8,0.3141
SKD11,carbide,water_soluble,16,2,49.7,0.072,0.32,0.63,988.0,141.0,0.03,14.0,511.7,35.0,0.0294
S45C,cbn,water_soluble,16,2,194.8,0.061,4.78,13.37,3876.0,475.0,30.32,2489.94,11.0,9.9,0.2594
SKD11,carbide,water_soluble,8,2,84.7,0.06,2.51,7.2,3371.0,406.0,7.33,1038.45,27.7,21.5,0.177
SKD11,cbn,mql,6,4,33.7,0.133,0.92,2.0,1785.0,952.0,1.75,468.07,516.3,28.6,0.0256
FC250,carbide,water_soluble,16,2,128.5,0.13,7.62,9.73,2557.0,666.0,49.42,3691.74,22.5,24.1,0.3859
SUS304,cbn,oil,16,3,61.6,0.056,1.11,2.3,1225.0,207.0,0.53,171.07,503.0,248.9,0.1584
SUS304,carbide,water_soluble,8,2,92.2,0.08,2.58,4.69,3669.0,588.0,7.12,772.47,51.0,34.7,0.1729
S45C,hss,dry,6,2,145.9,0.263,4.34,1.47,7738.0,4070.0,25.96,1068.04,5.4,4.2,0.1895
A5052,cbn,dry,8,4,352.7,0.392,1.93,5.22,14035.0,21991.0,221.8,2012.13,6.4,5.7,0.2423
SUS304,cermet,dry,12,4,93.1,0.054,4.48,4.98,2468.0,536.0,11.96,1927.19,31.6,24.8,0.2152
A5052,cbn,mql,8,6,427.1,0.318,1.97,5.08,16994.0,32444.0,324.31,2429.88,6.0,7.1,0.5405
FC250,carbide,water_soluble,16,6,196.6,0.107,9.79,15.85,3912.0,2514.0,389.99,19039.03,4.6,1.9,0.1365
A5052,hss,mql,16,3,158.2,0.39,7.15,6.56,3147.0,3685.0,172.74,6989.51,9.0,10.3,0.4615
FC250,hss,dry,6,2,145.4,0.072,6.27,3.27,7716.0,1112.0,22.8,564.43,5.5,5.3,0.3143
S45C,carbide,water_soluble,8,3,172.1,0.24,8.42,11.4,6847.0,4940.0,474.34,22051.03,4.8,1.9,0.1009
FC250,carbide,dry,16,4,179.7,0.186,2.07,3.83,3575.0,2663.0,21.1,1127.23,4.7,4.7,0.2905
SKD11,carbide,mql,16,4,109.2,0.101,1.79,3.53,2173.0,878.0,5.56,1222.45,5.6,1.2,0.0722
FC250,hss,mql,25,6,95.9,0.198,6.19,6.89,1221.0,1452.0,61.94,9689.96,12.8,11.7,0.2433
SKD11,carbide,dry,10,3,54.8,0.134,2.84,1.69,1745.0,702.0,3.38,925.1,147.9,86.3,0.1763
SUS304,cermet,oil,6,4,102.2,0.126,2.37,4.51,5424.0,2726.0,29.19,2141.49,30.4,31.7,0.3924
SUS304,cermet,mql,25,2,110.2,0.131,4.09,6.11,1403.0,366.0,9.16,2596.39,14.0,1.0,0.0352
S45C,cermet,dry,20,2,90.6,0.271,4.76,7.53,1442.0,781.0,28.01,6181.3,42.1,1.9,0.0207
SKD11,hss,mql,12,3,108.5,0.089,1.97,3.99,2878.0,764.0,6.01,997.13,4.8,4.5,0.2531
A5052,cbn,oil,6,6,386.9,0.423,4.77,0.7,20525.0,52069.0,173.38,1075.53,7.4,6.8,0.2183
SKD11,cermet,dry,25,2,102.8,0.135,2.16,1.12,1309.0,353.0,0.86,313.04,5.7,2.6,0.1379
A5052,cbn,dry,16,4,188.8,0.414,14.24,2.63,3757.0,6217.0,233.16,7901.75,21.3,8.3,0.0995
SUS304,hss,dry,25,4,120.7,0.039,0.64,1.08,1537.0,237.0,0.16,42.38,5.3,2.5,0.1448
A5052,hss,water_soluble,16,2,354.1,0.429,8.46,5.96,7045.0,6045.0,304.59,5504.45,4.7,2.9,0.1814
S45C,cbn,mql,12,6,227.4,0.163,8.3,14.04,6031.0,5916.0,689.72,36400.41,5.0,3.3,0.1635
SKD11,cermet,mql,8,6,79.7,0.088,0.6,1.51,3172.0,1668.0,1.51,227.15,63.0,22.2,0.093
SUS304,cbn,mql,16,3,77.2,0.098,0.78,0.85,1535.0,453.0,0.3,78.13,343.1,178.5,0.1611
SUS304,cermet,water_soluble,6,2,84.0,0.19,0.69,1.96,4458.0,1693.0,2.28,203.78,100.9,68.8,0.2023
FC250,cermet,oil,12,4,187.0,0.158,9.14,10.66,4961.0,3144.0,306.58,11802.68,5.0,4.4,0.2268
S45C,cermet,mql,10,2,223.5,0.219,1.82,1.76,7115.0,3116.0,10.0,447.47,4.7,2.3,0.1213
FC250,cbn,water_soluble,8,2,115.8,0.076,7.93,15.5,4606.0,703.0,86.4,3582.34,76.9,88.4,0.4837
S45C,cbn,mql,25,2,98.9,0.209,7.82,0.57,1259.0,525.0,2.33,588.16,77.9,52.1,0.1744
SUS304,cermet,water_soluble,16,4,115.7,0.11,4.44,3.26,2302.0,1016.0,14.71,2541.67,16.2,6.5,0.1026
FC250,hss,mql,20,2,117.9,0.211,4.25,9.24,1876.0,792.0,31.16,3172.57,7.7,3.4,0.1197
S45C,carbide,oil,16,2,212.9,0.186,1.45,3.15,4236.0,1576.0,7.18,539.61,5.4,5.6,0.3562
SUS304,cbn,water_soluble,16,4,123.6,0.086,4.56,4.01,2459.0,847.0,15.5,2508.34,22.6,2.1,0.0403
S45C,cermet,mql,10,3,211.6,0.243,5.45,15.98,6735.0,4914.0,428.08,20232.71,4.5,4.4,0.3047
SUS304,carbide,oil,25,6,93.6,0.086,1.91,4.36,1191.0,618.0,5.13,1714.59,51.7,35.9,0.1886
SKD11,cermet,water_soluble,6,4,117.7,0.13,0.27,0.77,6243.0,3249.0,0.66,50.78,9.8,5.9,0.159
FC250,cermet,mql,12,4,165.2,0.284,6.23,9.11,4382.0,4985.0,283.05,12335.11,6.8,5.2,0.2301
SKD11,cermet,dry,6,4,88.6,0.104,1.77,4.24,4700.0,1951.0,14.66,1489.38,14.4,11.1,0.2271
S45C,hss,mql,25,4,178.3,0.087,8.21,15.84,2270.0,788.0,102.37,14352.56,5.2,2.4,0.1227
FC250,hss,dry,8,2,167.0,0.185,1.08,2.38,6645.0,2455.0,6.29,180.84,5.4,3.7,0.169
S45C,hss,oil,16,3,170.0,0.11,5.26,10.88,3383.0,1121.0,64.09,6030.14,4.8,4.8,0.3044
SUS304,hss,water_soluble,16,4,95.9,0.125,4.36,6.56,1907.0,956.0,27.34,5703.37,9.4,2.4,0.0941
SUS304,cbn,mql,10,3,74.2,0.193,1.23,3.52,2362.0,1370.0,5.91,996.08,229.5,61.1,0.0832
SUS304,cbn,mql,10,2,57.3,0.136,4.91,3.21,1824.0,495.0,7.8,1701.69,540.8,283.2,0.1648
SKD11,cermet,oil,12,4,117.0,0.071,2.59,6.12,3104.0,882.0,14.01,2154.41,5.0,3.3,0.1917
FC250,cermet,oil,16,6,172.6,0.175,0.61,0.51,3434.0,3600.0,1.13,63.06,20.4,6.4,0.0988
SUS304,cermet,dry,6,2,134.8,0.154,0.75,1.25,7152.0,2201.0,2.06,114.4,6.1,5.2,0.191
S45C,hss,dry,25,2,248.3,0.289,5.2,8.24,3162.0,1826.0,78.23,7875.68,5.1,1.5,0.0764
A5052,carbide,mql,12,2,352.0,0.211,11.92,7.9,9337.0,3935.0,370.71,5055.3,4.9,4.2,0.2008
SUS304,hss,water_soluble,16,3,147.4,0.035,4.25,9.7,2933.0,305.0,12.57,1705.81,5.5,1.8,0.1055
S45C,carbide,dry,8,4,178.9,0.159,6.01,9.56,7117.0,4531.0,260.34,11643.29,4.8,2.7,0.1713
SUS304,cermet,water_soluble,12,2,91.9,0.163,2.54,4.04,2439.0,793.0,8.14,1327.86,48.9,11.7,0.0741
FC250,hss,water_soluble,25,6,123.7,0.124,8.86,12.49,1575.0,1170.0,129.43,15692.09,7.7,1.4,0.0684
SKD11,cermet,dry,12,4,88.9,0.04,2.65,4.52,2359.0,375.0,4.49,909.26,20.8,10.4,0.1411
S45C,carbide,water_soluble,25,4,150.8,0.181,1.02,2.99,1920.0,1387.0,4.22,700.32,15.8,6.5,0.1083
A5052,hss,mql,6,2,216.9,0.19,11.11,19.4,11506.0,4362.0,940.06,10402.19,5.3,4.2,0.235
SKD11,carbide,dry,20,6,103.5,0.044,1.24,3.4,1647.0,431.0,1.82,526.22,9.3,8.6,0.241
SKD11,cermet,water_soluble,8,4,64.3,0.074,2.31,0.63,2557.0,756.0,1.11,206.38,187.0,61.1,0.1022
S45C,carbide,dry,6,2,241.4,0.208,1.73,3.13,12805.0,5328.0,28.96,719.99,5.2,1.9,0.1228
SUS304,cermet,mql,25,2,121.4,0.108,4.63,9.8,1546.0,335.0,15.21,3915.39,10.3,4.1,0.1263
SKD11,carbide,water_soluble,6,6,49.2,0.106,0.64,0.67,2610.0,1668.0,0.71,130.7,517.1,131.2,0.0824
S45C,cbn,oil,10,4,107.7,0.247,7.48,8.93,3429.0,3381.0,225.77,20959.78,53.4,1.7,0.0154
SUS304,carbide,mql,6,6,73.5,0.15,4.14,7.01,3899.0,3505.0,101.8,10388.2,80.9,49.5,0.1765
SKD11,cermet,dry,6,6,94.3,0.144,0.83,2.26,5003.0,4317.0,8.15,778.27,11.3,8.8,0.1947
A5052,carbide,water_soluble,25,4,174.8,0.191,14.06,25.6,2226.0,1699.0,611.35,34971.93,31.1,10.0,0.0873
S45C,carbide,dry,6,2,128.9,0.127,3.85,7.37,6838.0,1733.0,49.21,2290.75,12.9,6.8,0.1277
A5052,carbide,oil,20,4,179.4,0.2,10.32,2.63,2855.0,2284.0,61.97,2763.72,32.5,38.3,0.5788
A5052,cermet,oil,6,2,360.4,0.496,5.22,14.76,19119.0,18953.0,1459.12,9717.03,4.5,3.0,0.2029
SUS304,hss,oil,6,2,61.3,0.099,3.77,8.11,3254.0,642.0,19.61,2398.69,87.3,42.2,0.1259
SUS304,hss,water_soluble,8,4,124.0,0.137,2.88,6.12,4934.0,2708.0,47.8,3854.31,5.1,1.9,0.1222
FC250,cbn,water_soluble,20,2,91.0,0.2,6.42,12.68,1449.0,579.0,47.14,6213.57,112.6,130.5,0.4616
SUS304,carbide,water_soluble,8,2,117.2,0.129,2.77,2.45,4663.0,1205.0,8.18,697.92,12.6,2.7,0.0699
SKD11,cbn,mql,8,3,96.3,0.135,0.77,1.56,3831.0,1549.0,1.85,230.96,28.5,14.6,0.1212
FC250,cbn,water_soluble,20,3,145.0,0.285,2.59,5.79,2308.0,1973.0,29.62,2450.67,29.1,8.3,0.0929
SUS304,hss,mql,12,4,93.4,0.046,3.82,10.52,2476.0,453.0,18.19,2922.87,13.7,7.7,0.1643
SUS304,cbn,dry,16,6,72.9,0.123,3.45,7.41,1451.0,1070.0,27.37,7507.71,140.8,138.4,0.2471
FC250,cbn,dry,10,2,109.8,0.104,3.07,2.66,3495.0,724.0,5.92,323.22,67.0,18.1,0.0876
SUS304,hss,dry,25,2,83.3,0.18,2.1,3.36,1061.0,383.0,2.71,1015.22,11.4,6.1,0.1469
A5052,hss,dry,6,4,174.0,0.217,13.85,17.74,9229.0,8011.0,1968.52,27158.16,4.8,2.7,0.1755
S45C,hss,dry,20,3,213.9,0.153,8.8,17.02,3404.0,1561.0,233.8,21864.98,5.0,3.7,0.1739
FC250,hss,oil,20,6,140.0,0.246,6.19,4.13,2228.0,3293.0,84.23,7219.19,4.9,3.3,0.1543
FC250,cbn,water_soluble,20,2,171.7,0.152,6.72,5.62,2733.0,833.0,31.48,2199.89,14.6,2.2,0.0511
SKD11,hss,mql,6,6,94.9,0.127,1.45,3.6,5032.0,3848.0,20.08,1905.49,5.4,3.4,0.1737
S45C,carbide,water_soluble,25,6,140.1,0.257,8.0,7.73,1784.0,2753.0,170.24,30369.39,9.7,7.7,0.2012
SUS304,cbn,dry,10,4,137.6,0.047,2.15,3.79,4381.0,831.0,6.75,613.29,10.5,11.0,0.3622
S45C,cermet,mql,25,2,158.5,0.154,0.63,0.91,2018.0,620.0,0.35,55.56,18.1,16.0,0.2172
SKD11,carbide,mql,20,3,30.2,0.113,2.25,3.72,480.0,163.0,1.37,1360.24,458.4,6.7,0.0059
SUS304,cbn,oil,8,6,62.1,0.138,3.04,1.52,2473.0,2046.0,9.44,1518.48,481.1,50.9,0.0428
A5052,hss,mql,6,3,412.3,0.307,14.8,12.73,21872.0,20168.0,3801.33,22128.25,5.4,4.7,0.2166
SUS304,carbide,water_soluble,25,2,100.0,0.1,4.39,8.5,1273.0,255.0,9.51,2972.41,27.7,17.0,0.1875
SUS304,carbide,mql,25,2,61.4,0.16,3.49,8.21,782.0,250.0,7.17,3648.79,231.1,169.9,0.2156
A5052,carbide,mql,6,3,346.2,0.333,10.49,7.97,18368.0,18339.0,1532.79,10624.81,5.2,3.8,0.2134
S45C,hss,dry,16,4,114.6,0.082,3.21,5.36,2280.0,746.0,12.84,1793.31,8.5,4.7,0.1516
A5052,carbide,oil,20,3,285.7,0.412,13.58,6.5,4548.0,5615.0,495.7,13878.35,5.1,3.8,0.2232
FC250,cermet,water_soluble,12,6,197.8,0.163,5.38,15.96,5247.0,5120.0,439.41,15994.3,5.9,1.3,0.0709
A5052,hss,oil,12,4,280.4,0.081,5.86,8.43,7437.0,2407.0,118.87,2034.91,5.2,4.7,0.201
A5052,hss,oil,25,6,444.8,0.218,9.66,3.22,5664.0,7407.0,230.28,5176.95,4.6,4.4,0.2827
SKD11,cermet,water_soluble,10,6,61.5,0.108,2.32,0.59,1958.0,1270.0,1.75,427.84,204.8,95.6,0.1379
FC250,hss,water_soluble,8,6,99.0,0.115,6.25,8.41,3941.0,2709.0,142.36,6899.21,20.4,13.7,0.1939
FC250,hss,water_soluble,16,4,166.0,0.118,2.42,2.62,3302.0,1555.0,9.88,571.22,5.4,5.7,0.3952
A5052,cbn,dry,8,3,176.9,0.363,6.05,15.01,7040.0,7673.0,696.66,12599.26,32.2,11.2,0.1097
A5052,hss,mql,8,3,372.7,0.196,4.41,2.93,14830.0,8722.0,112.62,966.84,4.7,3.8,0.1952
SKD11,cbn,mql,16,6,100.0,0.119,0.73,0.65,1990.0,1420.0,0.67,160.23,24.4,13.2,0.1282
SKD11,carbide,dry,20,2,51.9,0.092,0.31,0.79,826.0,153.0,0.04,21.43,479.8,266.5,0.1444
SKD11,cbn,dry,16,6,90.0,0.032,2.29,5.69,1791.0,347.0,4.52,1206.16,37.1,37.0,0.3329
SKD11,cbn,mql,25,6,102.6,0.132,2.99,2.55,1306.0,1031.0,7.86,2874.11,12.4,2.8,0.0641
A5052,carbide,mql,20,3,292.1,0.056,1.66,1.9,4649.0,783.0,2.48,67.85,22.9,25.2,0.4432
FC250,cermet,mql,16,2,180.5,0.205,5.85,11.15,3590.0,1471.0,96.02,5108.39,5.7,4.4,0.2328
A5052,cbn,oil,10,3,397.6,0.225,3.82,7.04,12656.0,8548.0,229.78,2311.78,7.8,6.2,0.2162
SKD11,cbn,water_soluble,6,3,118.3,0.104,2.45,5.4,6276.0,1966.0,26.06,1982.31,6.9,4.3,0.1776
SUS304,cermet,mql,6,2,142.5,0.137,0.56,1.25,7560.0,2077.0,1.44,76.04,7.7,5.6,0.2062
FC250,carbide,mql,20,3,104.5,0.061,6.01,8.44,1663.0,302.0,15.32,1759.2,56.4,46.7,0.1816
A5052,cbn,mql,8,3,443.4,0.411,14.43,16.31,17641.0,21765.0,5123.62,36980.79,5.4,4.2,0.2255
SUS304,cermet,oil,16,6,108.3,0.131,1.97,0.78,2155.0,1691.0,2.6,479.91,24.6,27.2,0.43
A5052,cbn,dry,25,2,452.0,0.449,3.35,7.55,5756.0,5166.0,130.63,2889.83,5.5,1.2,0.08
S45C,cermet,mql,25,6,224.1,0.066,3.69,1.21,2853.0,1123.0,5.0,557.44,5.3,5.6,0.3977
A5052,hss,mql,8,3,426.3,0.237,2.94,4.45,16962.0,12075.0,157.79,1184.49,5.4,1.4,0.0811
FC250,cbn,water_soluble,10,3,171.1,0.292,4.68,4.27,5447.0,4770.0,95.21,3338.58,13.4,4.3,0.0833
SUS304,cbn,dry,20,6,85.5,0.145,0.59,0.77,1361.0,1181.0,0.54,157.86,104.5,43.6,0.1329
SUS304,cbn,mql,8,6,120.7,0.135,1.03,1.74,4801.0,3887.0,7.0,580.29,25.6,10.3,0.0987
FC250,hss,mql,8,2,89.9,0.165,3.41,8.51,3576.0,1179.0,34.22,1827.51,22.4,12.9,0.1674
SUS304,cbn,dry,25,2,127.7,0.177,1.78,3.1,1626.0,574.0,3.16,772.35,10.0,10.8,0.3697
A5052,carbide,oil,12,4,314.8,0.345,8.61,17.91,8350.0,11531.0,1779.03,27125.94,4.6,4.6,0.2685
FC250,cbn,water_soluble,20,4,141.7,0.276,8.95,22.06,2255.0,2488.0,491.34,41621.06,20.0,12.8,0.1914
FC250,cermet,mql,12,2,191.9,0.235,3.15,1.68,5090.0,2396.0,12.7,476.53,5.7,2.3,0.1047
SUS304,cermet,oil,20,3,110.4,0.128,2.93,3.57,1757.0,675.0,7.05,1597.65,18.4,20.8,0.5088
FC250,carbide,mql,6,4,181.4,0.249,2.16,4.53,9624.0,9585.0,93.96,1864.53,5.8,6.2,0.3468
FC250,carbide,water_soluble,20,6,184.5,0.248,6.46,14.66,2936.0,4372.0,414.09,26935.78,5.0,2.7,0.1331
SUS304,cermet,oil,25,4,144.9,0.191,3.17,8.82,1844.0,1406.0,39.28,8473.23,5.1,1.0,0.0749
SKD11,cermet,mql,8,2,73.9,0.076,1.87,5.61,2939.0,446.0,4.68,761.13,69.4,40.1,0.166
SKD11,cermet,mql,12,4,88.2,0.049,2.08,3.18,2339.0,463.0,3.06,624.37,29.0,22.2,0.1882
S45C,cermet,water_soluble,6,6,222.7,0.09,0.74,1.27,11813.0,6391.0,5.98,161.06,6.2,5.7,0.2112
S45C,cermet,dry,10,4,236.8,0.224,6.3,4.18,7538.0,6751.0,177.78,7507.48,5.1,4.3,0.197
SUS304,carbide,water_soluble,16,2,106.6,0.188,2.12,0.89,2120.0,797.0,1.5,281.57,22.1,14.4,0.1894
A5052,cbn,mql,25,6,252.4,0.199,4.76,1.07,3213.0,3846.0,19.62,777.49,31.3,24.9,0.1896
FC250,hss,oil,10,6,193.7,0.271,7.52,6.62,6164.0,10031.0,499.59,15478.36,5.5,1.1,0.0714
S45C,cermet,mql,10,6,154.1,0.249,3.14,1.77,4904.0,7315.0,40.68,2640.68,9.2,4.5,0.1489
FC250,cermet,dry,12,4,124.7,0.282,1.09,0.76,3308.0,3733.0,3.06,176.94,21.4,24.9,0.4987
SUS304,cbn,oil,8,4,50.5,0.04,4.55,9.02,2009.0,323.0,13.27,2628.13,540.4,245.4,0.1384
S45C,cbn,mql,25,3,116.1,0.216,4.41,5.62,1478.0,957.0,23.7,5103.51,47.8,52.2,0.3805
S45C,hss,water_soluble,12,3,204.1,0.285,6.24,16.22,5413.0,4629.0,468.08,27527.03,4.7,3.2,0.1635
SKD11,cbn,oil,6,3,57.0,0.097,1.41,1.12,3024.0,884.0,1.4,220.4,504.7,270.8,0.141
FC250,cbn,oil,8,3,92.7,0.268,5.47,11.63,3689.0,2968.0,188.86,9778.95,95.0,2.2,0.0116
SKD11,cermet,water_soluble,20,2,38.9,0.03,1.21,0.79,619.0,37.0,0.04,27.26,472.6,268.8,0.1687
FC250,cbn,oil,25,6,183.6,0.106,8.79,20.93,2338.0,1484.0,273.15,22314.16,12.4,12.3,0.3406
S45C,cbn,mql,6,6,212.9,0.11,1.87,1.09,11297.0,7457.0,15.23,429.11,8.0,2.9,0.1217
S45C,carbide,water_soluble,20,4,178.2,0.14,8.32,20.58,2836.0,1586.0,271.73,30497.28,4.9,2.7,0.1692
S45C,hss,oil,10,3,106.5,0.259,3.9,10.74,3391.0,2631.0,110.28,10352.52,8.6,2.3,0.0865
SKD11,cbn,water_soluble,20,3,71.3,0.059,2.81,1.44,1135.0,202.0,0.82,344.88,183.2,117.3,0.1482
SKD11,hss,dry,6,3,52.5,0.105,1.93,2.26,2784.0,877.0,3.84,657.8,68.6,19.2,0.0806
A5052,cbn,mql,10,6,165.4,0.362,9.9,7.26,5265.0,11436.0,821.79,19872.23,57.8,4.2,0.0309
SKD11,carbide,mql,8,6,53.0,0.034,1.19,1.77,2108.0,427.0,0.9,204.72,515.8,22.0,0.0186
FC250,cermet,mql,16,3,83.5,0.277,1.98,1.7,1661.0,1379.0,4.66,535.24,124.1,35.2,0.0884
A5052,cbn,water_soluble,25,3,259.6,0.426,1.23,1.98,3305.0,4228.0,10.28,395.97,32.0,11.7,0.0943
SUS304,hss,water_soluble,25,2,128.1,0.098,2.39,6.45,1631.0,319.0,4.91,1196.75,4.5,5.2,0.4393
FC250,cermet,water_soluble,6,2,189.8,0.113,8.52,12.63,10070.0,2272.0,244.43,4635.97,7.2,2.6,0.1206
A5052,hss,mql,10,2,399.5,0.364,5.2,4.03,12716.0,9245.0,194.04,1942.88,5.4,5.5,0.3113
S45C,cermet,oil,12,6,213.2,0.116,9.91,1.25,5654.0,3952.0,49.06,2762.11,5.2,4.6,0.2009
S45C,carbide,mql,25,3,91.2,0.272,4.49,6.94,1161.0,946.0,29.49,8087.56,53.5,9.2,0.0634
S45C,hss,oil,6,3,203.1,0.223,3.74,9.12,10776.0,7196.0,245.07,7239.18,4.7,2.5,0.1309
A5052,cbn,water_soluble,8,6,442.2,0.489,2.46,2.1,17596.0,51585.0,266.36,1927.39,5.0,5.6,0.4119
S45C,cbn,oil,10,4,225.9,0.233,9.49,22.37,7189.0,6694.0,1421.85,62954.63,4.7,4.3,0.2234
FC250,cbn,oil,25,4,145.3,0.119,7.24,6.26,1850.0,879.0,39.85,4113.97,28.1,19.0,0.1564
FC250,carbide,oil,16,3,99.6,0.105,3.52,3.11,1981.0,627.0,6.85,660.13,71.4,39.1,0.1432
FC250,carbide,oil,16,2,113.6,0.133,6.8,17.82,2259.0,601.0,72.78,6151.72,32.1,19.2,0.1717
FC250,cbn,water_soluble,12,2,148.6,0.251,7.72,3.99,3943.0,1982.0,61.04,2956.59,19.3,9.0,0.1278
SUS304,carbide,oil,20,3,53.5,0.097,3.58,2.48,851.0,247.0,2.19,1022.58,476.0,265.9,0.1713
FC250,carbide,mql,12,2,93.3,0.212,8.81,21.01,2476.0,1050.0,194.38,14994.6,41.5,6.2,0.0487
A5052,carbide,oil,8,4,384.9,0.172,1.68,5.0,15316.0,10525.0,88.29,733.96,7.3,8.6,0.5744
A5052,carbide,water_soluble,12,3,453.1,0.18,7.28,13.72,12020.0,6500.0,649.33,6878.28,4.9,2.6,0.1497
SKD11,cbn,mql,25,3,55.1,0.037,0.48,1.06,702.0,77.0,0.04,26.86,475.4,141.8,0.0915
S45C,cbn,dry,10,3,212.8,0.248,6.22,9.8,6772.0,5036.0,307.03,14431.08,4.8,1.4,0.1053
A5052,cermet,mql,12,3,386.8,0.317,9.25,19.09,10259.0,9769.0,1724.29,21399.25,4.9,2.4,0.1449
SKD11,hss,dry,25,2,114.9,0.062,2.05,4.19,1463.0,182.0,1.56,509.33,5.2,2.1,0.1042
SUS304,cbn,mql,6,6,123.4,0.088,2.55,7.14,6547.0,3458.0,62.93,3824.04,18.2,14.0,0.2211
FC250,cbn,dry,8,4,173.3,0.218,7.38,11.16,6895.0,6018.0,495.73,13731.01,6.6,3.8,0.1696
SKD11,cermet,dry,8,6,80.8,0.085,0.39,0.56,3213.0,1639.0,0.36,53.92,43.4,47.9,0.4044
FC250,carbide,dry,6,2,167.2,0.246,9.95,18.27,8871.0,4368.0,793.62,17085.32,5.2,5.9,0.4493
SKD11,cbn,dry,25,3,49.6,0.106,1.97,3.72,632.0,201.0,1.48,1115.12,522.9,97.7,0.0687
SKD11,cbn,oil,8,2,42.1,0.032,2.53,7.01,1676.0,108.0,1.92,545.96,460.3,121.2,0.0892
A5052,hss,mql,20,3,461.9,0.056,5.18,8.84,7352.0,1238.0,56.67,981.41,4.6,4.7,0.355
FC250,cbn,water_soluble,16,2,141.7,0.071,5.71,6.82,2820.0,402.0,15.67,1061.45,45.9,14.0,0.082
FC250,cermet,mql,20,3,89.7,0.257,9.78,12.17,1428.0,1103.0,131.28,17557.14,47.5,50.9,0.3722
SUS304,carbide,mql,10,2,81.8,0.113,4.34,7.92,2605.0,589.0,20.25,3092.78,59.9,10.1,0.0626
FC250,cermet,water_soluble,10,2,110.8,0.251,4.55,13.57,3527.0,1771.0,109.24,5915.27,38.6,31.5,0.2275
FC250,cermet,mql,8,3,154.1,0.262,2.36,1.33,6130.0,4827.0,15.15,472.13,12.5,7.7,0.1709
FC250,carbide,dry,25,3,158.2,0.258,9.77,14.16,2015.0,1560.0,215.69,20447.09,4.5,2.3,0.1599
SUS304,cbn,mql,6,4,118.9,0.073,1.75,3.41,6309.0,1840.0,10.95,690.6,33.7,24.0,0.2024
A5052,cbn,water_soluble,10,2,498.8,0.365,11.67,10.45,15877.0,11597.0,1414.46,11342.91,5.0,4.7,0.281
SKD11,carbide,water_soluble,6,4,93.2,0.063,2.09,2.79,4944.0,1247.0,7.27,702.26,20.1,10.5,0.1638
SKD11,cbn,oil,10,2,82.6,0.146,1.26,0.7,2630.0,768.0,0.68,123.32,60.5,12.6,0.0738
S45C,cbn,dry,6,4,99.4,0.285,8.79,12.2,5274.0,6017.0,645.08,38937.11,31.3,23.4,0.2049
FC250,hss,oil,6,2,134.6,0.154,7.44,3.45,7143.0,2196.0,56.43,1508.73,4.9,2.3,0.1323
SUS304,hss,mql,6,6,83.8,0.052,2.14,1.46,4446.0,1375.0,4.31,385.73,30.6,3.1,0.046
SUS304,carbide,water_soluble,10,4,107.7,0.089,4.07,6.83,3428.0,1217.0,33.87,3931.64,20.6,22.6,0.392
FC250,carbide,dry,25,6,147.0,0.267,4.03,7.62,1872.0,3004.0,92.24,9412.32,6.1,4.0,0.1751
A5052,hss,dry,16,2,470.5,0.212,4.95,3.3,9361.0,3967.0,64.85,882.12,4.8,5.7,0.5198
FC250,cermet,dry,6,3,128.7,0.179,6.02,16.92,6825.0,3667.0,373.32,10446.54,12.3,12.2,0.3278
A5052,cbn,water_soluble,16,4,455.9,0.056,3.79,6.66,9069.0,2024.0,51.04,716.55,12.1,1.3,0.0418
SUS304,cbn,mql,10,4,140.2,0.095,1.32,2.03,4464.0,1699.0,4.53,404.18,14.7,14.7,0.3111
S45C,hss,water_soluble,25,2,91.6,0.105,9.39,13.39,1166.0,244.0,30.65,8365.79,19.5,6.5,0.1116
FC250,cermet,dry,16,4,81.7,0.17,0.7,1.81,1626.0,1103.0,1.4,164.13,155.2,53.5,0.1131
A5052,cbn,oil,12,2,178.0,0.249,2.87,2.0,4723.0,2350.0,13.45,362.7,89.3,6.4,0.0314
SKD11,carbide,mql,10,2,109.5,0.055,0.74,1.32,3486.0,385.0,0.38,51.77,9.7,6.9,0.1899
A5052,cermet,water_soluble,20,3,345.3,0.482,1.21,0.81,5495.0,7944.0,7.72,178.85,8.2,5.8,0.1959
S45C,hss,mql,6,2,180.2,0.164,4.79,13.49,9558.0,3127.0,202.11,6730.92,5.3,5.1,0.2777
FC250,carbide,mql,16,4,198.7,0.221,9.52,4.5,3954.0,3496.0,149.65,7228.76,5.1,1.4,0.0734
S45C,cermet,mql,12,2,136.3,0.241,4.43,8.85,3615.0,1746.0,68.47,6028.32,11.5,13.6,0.4721
SUS304,cermet,oil,6,6,122.9,0.084,2.15,1.91,6518.0,3270.0,13.4,818.05,15.1,14.7,0.29
SKD11,hss,mql,10,4,113.0,0.029,0.99,1.36,3598.0,424.0,0.57,75.4,5.5,2.3,0.1358
SKD11,cermet,dry,20,4,65.9,0.073,2.94,2.0,1049.0,308.0,1.81,824.25,74.3,65.4,0.2193
A5052,carbide,mql,10,3,332.7,0.081,3.13,9.0,10589.0,2560.0,72.09,866.82,10.9,6.6,0.1717
FC250,hss,oil,12,4,96.2,0.219,4.26,2.13,2552.0,2235.0,20.33,1520.82,19.4,20.6,0.4086
S45C,carbide,water_soluble,20,2,140.2,0.126,7.44,15.8,2232.0,561.0,65.98,9409.82,12.9,9.3,0.1725
S45C,cbn,mql,10,3,133.6,0.106,1.16,2.96,4251.0,1354.0,4.63,346.95,56.6,3.9,0.0328
A5052,carbide,water_soluble,16,2,348.6,0.408,11.16,18.5,6935.0,5663.0,1168.88,21460.5,4.6,2.2,0.1297
S45C,cermet,water_soluble,16,3,111.1,0.13,4.45,12.16,2210.0,860.0,46.52,6701.71,41.5,16.5,0.1018
A5052,cbn,water_soluble,16,6,315.1,0.091,9.57,16.03,6268.0,3428.0,526.12,10686.71,18.9,20.4,0.3528
SKD11,carbide,dry,25,4,41.0,0.096,1.09,2.23,521.0,201.0,0.49,445.18,511.2,89.4,0.0581
SUS304,cbn,water_soluble,16,2,76.9,0.064,1.46,1.69,1529.0,195.0,0.48,125.16,401.0,128.5,0.1003
A5052,cbn,mql,12,2,210.1,0.283,3.6,3.42,5574.0,3156.0,38.9,888.49,46.6,1.8,0.0178
S45C,carbide,water_soluble,16,4,129.9,0.116,3.66,6.34,2584.0,1204.0,27.97,3445.44,24.6,24.0,0.313
SKD11,carbide,dry,25,3,119.7,0.114,1.0,2.71,1524.0,520.0,1.41,443.0,4.6,1.6,0.0892
SKD11,carbide,oil,6,6,107.3,0.085,2.09,1.88,5694.0,2904.0,11.4,956.33,7.6,6.5,0.2459
SKD11,cbn,water_soluble,8,6,57.3,0.122,2.34,5.02,2280.0,1664.0,19.58,4100.31,392.0,40.1,0.0479
SKD11,hss,mql,10,3,86.9,0.114,1.23,0.97,2766.0,949.0,1.13,194.81,6.8,5.6,0.2042
FC250,cbn,oil,6,6,103.8,0.246,9.14,10.46,5509.0,8126.0,777.0,26938.57,64.0,65.2,0.2866
FC250,cbn,oil,8,6,120.7,0.066,5.12,2.12,4803.0,1891.0,20.51,815.64,93.0,54.7,0.1623
SKD11,carbide,mql,25,3,107.2,0.119,0.61,1.42,1364.0,489.0,0.42,148.3,9.0,4.3,0.1327
A5052,hss,mql,20,4,192.0,0.19,12.13,25.91,3056.0,2327.0,731.82,30495.2,6.7,3.3,0.1447
A5052,cermet,mql,6,2,481.0,0.191,12.95,4.38,25519.0,9739.0,552.91,2758.74,5.2,4.6,0.206
A5052,cbn,oil,25,6,257.5,0.437,14.41,6.92,3279.0,8594.0,857.39,33296.48,12.6,12.5,0.3149
S45C,hss,mql,16,6,202.5,0.178,6.24,8.9,4028.0,4296.0,238.62,18856.87,5.3,4.8,0.2073
FC250,hss,mql,12,4,164.7,0.281,1.85,2.04,4368.0,4902.0,18.45,806.59,5.1,2.6,0.1327
A5052,cbn,oil,6,3,371.0,0.172,4.11,11.64,19681.0,10141.0,484.74,3135.92,11.1,5.8,0.1298
FC250,carbide,water_soluble,8,3,197.1,0.142,3.89,4.35,7842.0,3347.0,56.65,1379.7,5.9,6.3,0.3823
SKD11,carbide,oil,6,6,35.7,0.072,1.53,2.34,1893.0,813.0,2.91,733.41,503.0,140.9,0.0851
A5052,carbide,dry,25,3,448.6,0.353,2.49,2.43,5712.0,6051.0,36.66,817.06,5.4,4.6,0.2329
S45C,cbn,water_soluble,6,2,154.0,0.28,3.78,1.09,8170.0,4578.0,18.9,736.41,18.8,3.3,0.0635
SUS304,cbn,water_soluble,6,2,62.0,0.041,3.7,10.35,3291.0,273.0,10.47,1265.9,461.9,154.2,0.0956
A5052,cbn,dry,20,6,398.9,0.156,11.37,27.58,6348.0,5924.0,1856.63,37239.56,4.7,4.5,0.245
S45C,carbide,dry,8,2,216.4,0.135,4.72,9.73,8611.0,2330.0,106.99,3955.08,5.4,5.7,0.3131
SUS304,hss,oil,20,3,53.8,0.167,1.81,3.27,856.0,430.0,2.54,1180.19,190.2,202.4,0.3561
SUS304,cbn,water_soluble,10,6,120.6,0.089,0.33,0.7,3840.0,2045.0,0.48,49.44,60.6,25.2,0.1312
S45C,hss,water_soluble,6,4,103.3,0.184,2.26,3.18,5480.0,4042.0,29.05,1687.34,16.4,7.8,0.1309
A5052,cermet,oil,8,4,322.5,0.199,2.05,5.88,12833.0,10193.0,122.84,1218.78,12.5,5.4,0.1298
A5052,cermet,mql,12,2,193.3,0.082,13.69,6.11,5129.0,838.0,70.1,1740.35,39.9,4.7,0.0556
A5052,carbide,water_soluble,12,2,198.7,0.248,7.5,5.17,5269.0,2614.0,101.4,2450.04,26.9,16.7,0.1435
A5052,cbn,mql,12,3,219.7,0.178,4.69,5.62,5828.0,3110.0,81.93,1789.87,43.5,9.2,0.0753
SUS304,hss,water_soluble,6,3,94.7,0.171,3.38,4.46,5025.0,2579.0,38.85,3076.11,8.5,4.7,0.165
SKD11,carbide,mql,6,4,115.6,0.047,0.93,2.72,6131.0,1160.0,2.94,228.77,8.0,8.3,0.3024
SKD11,carbide,oil,20,2,98.7,0.034,2.95,3.68,1571.0,107.0,1.16,353.86,15.8,12.3,0.1856
SUS304,carbide,water_soluble,10,4,103.1,0.157,4.18,8.89,3282.0,2058.0,76.52,9276.76,19.6,13.7,0.1952
SUS304,cbn,oil,8,4,109.6,0.168,2.1,1.27,4363.0,2940.0,7.8,711.13,32.8,12.5,0.1161
S45C,cermet,mql,8,3,209.1,0.228,2.34,3.57,8319.0,5694.0,47.41,1814.18,4.9,3.5,0.1861
S45C,cbn,dry,16,6,84.3,0.223,3.5,1.06,1677.0,2239.0,8.3,1574.84,114.3,53.7,0.1155
S45C,carbide,dry,6,6,234.8,0.052,5.1,2.32,12459.0,3851.0,45.59,1164.7,5.4,1.9,0.1181
SUS304,cbn,water_soluble,8,3,104.7,0.18,2.9,4.89,4165.0,2253.0,31.99,3056.65,35.0,38.6,0.394
S45C,hss,water_soluble,25,4,99.5,0.051,5.27,9.43,1267.0,258.0,12.83,3222.54,24.7,10.0,0.1168
FC250,carbide,mql,12,2,169.3,0.28,4.53,4.97,4490.0,2513.0,56.57,2406.05,5.8,3.9,0.1725
SUS304,cbn,water_soluble,6,4,79.9,0.103,1.77,3.98,4240.0,1751.0,12.32,1156.37,241.0,285.1,0.5872
FC250,cermet,dry,8,6,181.4,0.149,0.99,1.49,7218.0,6443.0,9.47,250.53,8.7,4.4,0.1455
S45C,hss,mql,12,4,99.2,0.199,5.1,0.9,2631.0,2095.0,9.6,1162.08,13.0,8.8,0.1746
SUS304,hss,dry,20,3,97.5,0.183,2.77,6.02,1552.0,850.0,14.17,3632.1,5.2,3.7,0.1842
SUS304,hss,water_soluble,8,6,85.8,0.087,2.12,1.31,3414.0,1776.0,4.94,576.33,28.4,32.1,0.4519
SUS304,cermet,dry,16,6,91.8,0.083,4.7,7.52,1827.0,905.0,32.01,6970.9,26.9,4.4,0.066
SKD11,cbn,dry,10,2,72.6,0.131,1.15,3.07,2311.0,606.0,2.14,442.83,76.0,77.4,0.2876
A5052,hss,water_soluble,6,3,397.3,0.291,9.71,6.13,21078.0,18395.0,1094.58,6611.95,4.5,2.4,0.1504
SUS304,cermet,water_soluble,12,4,93.5,0.192,3.68,10.31,2481.0,1906.0,72.29,11591.72,31.8,3.0,0.0448
S45C,cbn,oil,8,3,218.0,0.171,1.04,0.96,8673.0,4438.0,4.45,163.27,7.9,8.7,0.4102
A5052,hss,dry,25,2,416.8,0.316,3.28,6.74,5307.0,3357.0,74.25,1781.64,5.1,3.5,0.1851
A5052,cermet,water_soluble,8,6,404.8,0.416,4.23,9.95,16107.0,40194.0,1692.78,13381.5,5.0,5.3,0.3842
SKD11,cermet,oil,8,3,36.3,0.136,1.29,1.47,1443.0,589.0,1.11,367.79,533.6,258.9,0.1283
SUS304,cbn,oil,8,6,51.2,0.124,3.78,5.76,2037.0,1515.0,33.0,6445.28,547.2,155.9,0.0916
S45C,cbn,oil,10,3,92.7,0.077,8.46,6.46,2952.0,678.0,37.05,3994.98,162.2,149.8,0.2124
SUS304,carbide,mql,25,6,129.2,0.098,2.3,2.95,1645.0,971.0,6.58,1590.43,8.5,9.7,0.4338
S45C,carbide,oil,20,6,184.8,0.265,3.79,7.6,2942.0,4681.0,134.87,14593.24,5.1,5.5,0.3603
FC250,carbide,mql,6,6,184.2,0.191,5.41,4.98,9774.0,11210.0,301.6,5893.57,5.3,4.7,0.2106
SUS304,cbn,mql,8,2,78.2,0.084,4.65,1.26,3111.0,523.0,3.05,390.21,193.5,39.1,0.06
A5052,carbide,mql,10,6,448.2,0.302,7.96,2.83,14267.0,25822.0,581.82,5192.29,5.5,3.1,0.1597
SUS304,cbn,water_soluble,20,6,89.4,0.175,1.93,0.69,1423.0,1491.0,1.97,550.64,113.9,22.8,0.0694
A5052,hss,dry,25,4,368.2,0.109,4.99,3.42,4688.0,2046.0,34.92,948.25,5.3,4.6,0.2088
FC250,carbide,oil,16,2,136.9,0.106,6.36,1.25,2724.0,580.0,4.6,322.92,21.9,4.7,0.083
SKD11,cbn,mql,16,3,48.3,0.12,1.39,2.58,961.0,346.0,1.24,616.33,453.4,134.3,0.0999
S45C,cermet,water_soluble,16,3,171.5,0.278,4.19,10.5,3412.0,2849.0,125.24,11682.92,6.1,5.7,0.2896
SUS304,hss,mql,16,6,143.8,0.077,1.86,4.06,2861.0,1319.0,9.98,1387.2,5.5,1.2,0.0664
SKD11,carbide,mql,12,2,51.8,0.046,2.87,7.96,1374.0,128.0,2.92,1013.97,425.7,72.5,0.0639
S45C,carbide,water_soluble,6,3,110.7,0.287,2.58,2.86,5873.0,5056.0,37.28,2020.55,33.4,24.8,0.193
FC250,hss,dry,8,2,87.0,0.125,5.01,2.94,3462.0,865.0,12.73,702.43,17.9,2.2,0.0513
SUS304,hss,mql,10,2,51.7,0.088,4.04,1.4,1645.0,288.0,1.63,394.41,235.8,73.3,0.107
A5052,cbn,oil,16,4,449.9,0.26,5.72,9.43,8950.0,9312.0,501.69,7136.89,4.9,5.6,0.4398
FC250,cbn,oil,12,4,162.7,0.266,9.97,13.05,4316.0,4590.0,597.37,26436.57,9.9,9.0,0.2584
SUS304,cbn,oil,25,2,105.8,0.039,4.87,7.73,1347.0,106.0,3.98,1176.17,57.6,59.5,0.3116
SUS304,hss,oil,6,6,101.3,0.152,4.87,3.34,5375.0,4890.0,79.71,5900.56,5.4,3.1,0.1699
SUS304,cermet,oil,10,6,82.9,0.039,2.42,2.22,2640.0,616.0,3.3,498.2,168.2,105.8,0.1505
S45C,cbn,oil,6,3,111.3,0.06,0.71,1.76,5906.0,1060.0,1.32,71.03,204.7,149.2,0.1891
A5052,cermet,oil,6,6,153.7,0.393,13.45,13.27,8153.0,19217.0,3430.37,53571.76,35.6,17.2,0.1513
S45C,cbn,oil,12,6,162.9,0.286,1.04,2.95,4320.0,7422.0,22.85,1683.68,17.8,19.1,0.3527
SKD11,hss,mql,10,3,55.4,0.056,1.33,4.0,1764.0,298.0,1.59,429.8,110.3,11.9,0.0419
SKD11,hss,water_soluble,25,6,53.3,0.061,0.44,0.75,679.0,249.0,0.08,58.4,257.4,101.1,0.1165
S45C,carbide,water_soluble,8,4,217.8,0.287,1.37,1.08,8667.0,9952.0,14.72,540.73,5.0,1.1,0.0664
FC250,cbn,water_soluble,25,6,105.6,0.267,9.58,7.19,1344.0,2152.0,148.13,21045.38,54.4,4.6,0.0337
FC250,cermet,dry,8,2,87.1,0.118,1.49,1.67,3465.0,817.0,2.03,111.68,116.2,19.5,0.0673
A5052,cbn,mql,12,2,284.6,0.206,6.76,15.97,7549.0,3112.0,335.95,5666.52,15.8,15.3,0.2608
FC250,carbide,water_soluble,20,4,106.9,0.176,2.98,0.58,1702.0,1199.0,2.06,231.06,58.3,31.7,0.1707
A5052,cermet,oil,25,3,379.0,0.443,4.04,5.73,4826.0,6408.0,148.36,3914.37,5.2,3.0,0.1417
A5052,cbn,water_soluble,16,3,453.5,0.16,14.52,28.77,9022.0,4325.0,1806.07,25489.66,4.8,5.3,0.4644
S45C,cermet,dry,16,3,107.3,0.093,3.03,1.53,2135.0,597.0,2.77,412.98,40.2,39.8,0.2601
S45C,cbn,dry,25,3,241.2,0.228,0.56,1.41,3072.0,2099.0,1.67,173.38,5.3,3.8,0.1986
S45C,cermet,mql,25,3,195.8,0.229,6.27,2.12,2493.0,1713.0,22.78,2908.94,4.6,3.7,0.2251
SUS304,cermet,mql,20,3,53.0,0.173,2.46,2.0,844.0,439.0,2.16,1019.75,545.3,22.7,0.0171
S45C,cbn,water_soluble,20,4,172.6,0.081,3.25,2.71,2747.0,895.0,7.89,913.69,20.0,17.2,0.1995
A5052,carbide,dry,16,6,453.2,0.442,6.57,9.03,9016.0,23921.0,1418.56,20033.48,5.2,2.9,0.1413
S45C,cermet,water_soluble,6,4,225.9,0.261,3.92,8.23,11985.0,12523.0,403.78,10723.95,5.1,6.1,0.6038
SUS304,cermet,dry,10,6,119.3,0.16,1.73,4.3,3799.0,3653.0,27.19,2848.0,7.8,7.1,0.2496
SKD11,carbide,water_soluble,20,6,89.6,0.099,2.76,1.72,1426.0,849.0,4.03,1349.09,19.4,1.0,0.0225
SUS304,cbn,oil,25,4,138.9,0.127,3.27,5.33,1769.0,897.0,15.62,3514.63,9.5,4.1,0.1385
FC250,carbide,oil,10,3,111.0,0.166,1.77,4.95,3532.0,1759.0,15.38,831.82,51.8,7.5,0.0601
SUS304,cermet,oil,6,6,112.8,0.105,0.48,0.97,5986.0,3756.0,1.76,117.09,34.2,33.3,0.2573
SUS304,hss,oil,8,4,58.1,0.104,1.68,2.97,2314.0,962.0,4.79,822.97,165.4,158.0,0.2375
A5052,hss,dry,12,2,333.5,0.35,4.37,11.99,8846.0,6194.0,324.9,4676.65,4.6,4.4,0.2693
SUS304,carbide,mql,16,4,72.0,0.106,4.53,2.25,1432.0,605.0,6.15,1709.96,133.8,155.7,0.5005
A5052,carbide,dry,10,6,246.3,0.338,5.44,16.29,7839.0,15880.0,1408.66,22878.64,6.0,6.8,0.388
SUS304,cbn,mql,12,4,72.3,0.099,1.93,0.61,1918.0,762.0,0.91,188.05,361.9,263.9,0.1942
A5052,cbn,dry,10,3,493.9,0.46,6.87,1.3,15720.0,21709.0,194.26,1573.4,5.3,4.8,0.2287
SKD11,carbide,oil,12,3,71.7,0.122,2.85,2.72,1903.0,696.0,5.39,1352.87,57.2,23.9,0.1347
A5052,hss,water_soluble,12,3,274.3,0.357,10.1,21.6,7277.0,7797.0,1701.52,29769.76,4.8,1.6,0.1043
S45C,cermet,water_soluble,10,2,103.7,0.229,9.74,28.74,3302.0,1512.0,423.31,40801.58,35.8,32.0,0.2289
A5052,hss,oil,20,2,478.2,0.208,6.97,14.21,7610.0,3172.0,314.02,5253.54,4.8,4.0,0.1824
FC250,cermet,oil,20,3,152.7,0.208,5.51,9.83,2430.0,1516.0,82.1,6452.25,12.0,10.7,0.2562
SKD11,hss,water_soluble,12,6,35.1,0.096,2.55,0.63,932.0,539.0,0.86,440.9,507.3,246.0,0.1287
S45C,carbide,mql,12,6,249.1,0.292,4.69,4.03,6608.0,11563.0,218.48,10524.34,5.2,4.6,0.2527
SUS304,cermet,water_soluble,6,4,62.6,0.052,3.48,9.03,3322.0,692.0,21.73,2602.98,504.0,56.0,0.042
A5052,hss,water_soluble,8,6,262.8,0.4,1.53,3.19,10457.0,25072.0,122.24,1488.38,5.2,3.6,0.21
FC250,carbide,water_soluble,25,4,117.7,0.289,0.82,1.63,1499.0,1735.0,2.32,295.08,47.3,10.8,0.0693
FC250,carbide,oil,12,6,138.0,0.054,9.25,27.1,3661.0,1179.0,295.54,15416.42,20.2,18.5,0.2228
S45C,hss,mql,16,3,221.6,0.173,9.16,25.54,4408.0,2292.0,536.28,38728.21,4.5,5.3,0.6083
SUS304,cbn,mql,16,6,75.2,0.186,1.55,4.21,1497.0,1667.0,10.88,2891.85,206.0,224.3,0.3582
FC250,cermet,oil,10,6,162.1,0.098,5.45,7.93,5159.0,3020.0,130.51,4831.52,14.6,6.6,0.1299
SUS304,cbn,water_soluble,16,2,60.7,0.102,2.43,5.47,1208.0,246.0,3.27,1077.67,504.5,26.9,0.0221
SUS304,hss,dry,25,4,115.6,0.121,3.48,7.29,1472.0,714.0,18.14,4903.2,4.8,1.2,0.0789
FC250,cbn,mql,20,3,179.9,0.298,2.05,4.42,2863.0,2559.0,23.22,1549.04,12.8,15.2,0.5718
A5052,cermet,oil,12,2,187.5,0.401,13.7,11.79,4973.0,3991.0,644.75,16509.09,19.8,11.0,0.1433
S45C,hss,oil,6,2,156.4,0.285,9.55,7.24,8296.0,4731.0,327.1,12550.45,5.0,5.4,0.355
SKD11,carbide,oil,16,6,94.9,0.053,2.21,0.67,1888.0,605.0,0.9,228.01,20.0,4.4,0.0799
A5052,hss,mql,8,3,291.8,0.318,2.06,0.6,11611.0,11085.0,13.6,149.08,4.8,4.9,0.3683
SKD11,cermet,mql,12,2,89.7,0.146,2.76,4.42,2378.0,692.0,8.45,1697.26,13.8,16.2,0.5989
S45C,hss,mql,20,2,97.0,0.118,8.25,9.68,1544.0,364.0,29.08,5994.22,14.1,16.6,0.5539
S45C,cbn,water_soluble,20,2,234.0,0.084,1.02,0.55,3725.0,629.0,0.35,29.89,9.4,8.5,0.2535
SUS304,carbide,oil,25,2,98.3,0.041,3.17,9.37,1252.0,102.0,3.03,963.75,48.2,29.4,0.1469
A5052,carbide,mql,8,2,316.1,0.417,6.76,16.26,12577.0,10495.0,1154.71,11690.09,5.4,3.2,0.1686
SUS304,hss,oil,10,3,64.4,0.046,0.38,1.05,2051.0,282.0,0.11,21.87,225.4,199.3,0.2138
SUS304,carbide,mql,25,6,146.0,0.175,4.36,5.62,1859.0,1949.0,47.73,10217.54,4.6,1.0,0.0635
SUS304,cbn,oil,6,4,102.5,0.064,3.83,8.7,5439.0,1391.0,46.3,3387.64,60.8,20.4,0.1149
SUS304,cermet,dry,16,3,85.2,0.105,0.63,1.3,1694.0,533.0,0.43,101.51,81.6,3.8,0.0214
S45C,cbn,oil,8,6,114.7,0.207,3.91,11.68,4565.0,5661.0,258.31,18012.38,50.3,34.6,0.2065
SUS304,hss,oil,25,3,121.9,0.13,2.61,1.91,1552.0,604.0,3.02,773.6,4.7,5.3,0.4129
SUS304,cbn,dry,8,2,113.2,0.122,0.91,1.34,4502.0,1101.0,1.34,118.07,26.6,14.8,0.1655
A5052,carbide,mql,10,3,313.9,0.434,14.04,28.01,9992.0,13007.0,5114.22,65168.98,4.9,1.1,0.0845
S45C,cbn,mql,6,3,153.1,0.127,9.64,27.91,8121.0,3085.0,830.1,32537.35,13.4,15.6,0.4403
SKD11,hss,dry,10,3,37.1,0.063,0.9,2.66,1180.0,223.0,0.53,214.9,523.3,205.7,0.1042
A5052,cermet,oil,6,6,164.5,0.143,13.91,11.3,8729.0,7493.0,1178.09,17183.13,50.8,19.0,0.1018
SUS304,hss,mql,6,6,132.5,0.055,1.05,2.59,7032.0,2317.0,6.32,357.38,4.5,3.8,0.1999
S45C,hss,mql,25,6,102.8,0.079,8.52,3.99,1309.0,620.0,21.08,5126.11,13.7,2.2,0.0631
A5052,cermet,oil,20,4,477.8,0.421,11.97,6.43,7604.0,12820.0,986.57,16519.54,5.4,2.6,0.1528
A5052,cbn,water_soluble,10,6,282.0,0.484,4.47,5.66,8975.0,26075.0,658.6,9343.41,15.5,9.8,0.1587
S45C,cbn,mql,16,2,88.4,0.2,3.75,10.74,1759.0,703.0,28.27,5116.58,141.7,139.3,0.2997
S45C,hss,water_soluble,10,2,210.1,0.171,1.92,3.91,6687.0,2291.0,17.18,818.03,5.4,4.3,0.1885
A5052,cbn,dry,20,4,416.9,0.313,4.36,0.89,6635.0,8313.0,32.42,622.06,5.1,5.8,0.4206
S45C,cermet,dry,16,3,173.0,0.187,1.35,1.98,3441.0,1926.0,5.16,477.13,6.1,1.6,0.0738
FC250,carbide,dry,8,4,166.4,0.075,6.42,7.18,6621.0,1994.0,91.91,2651.13,6.3,5.2,0.1946
S45C,hss,dry,25,6,216.4,0.146,4.47,1.07,2755.0,2418.0,11.61,1341.9,5.0,1.6,0.0952
SKD11,hss,mql,6,3,75.6,0.126,2.82,4.59,4008.0,1514.0,19.6,2335.09,10.3,5.5,0.1621
SKD11,hss,mql,16,3,60.5,0.027,1.75,3.3,1203.0,98.0,0.57,224.97,91.5,26.9,0.0988
SKD11,hss,dry,8,2,80.2,0.147,2.36,1.2,3190.0,939.0,2.67,399.12,5.0,2.5,0.1213
A5052,hss,dry,12,6,343.1,0.21,6.99,20.25,9101.0,11492.0,1625.87,22746.18,4.8,2.1,0.1262
FC250,carbide,oil,25,2,89.2,0.216,2.76,4.3,1136.0,491.0,5.82,978.53,88.0,99.9,0.5204
SKD11,hss,water_soluble,10,4,47.8,0.134,1.19,2.71,1523.0,814.0,2.62,821.98,193.0,62.7,0.0986
FC250,cermet,oil,12,3,103.5,0.286,9.78,11.35,2746.0,2355.0,261.32,18175.73,30.1,33.1,0.4123
A5052,cermet,dry,10,4,242.8,0.352,1.25,0.87,7727.0,10894.0,11.9,196.06,16.3,15.9,0.3028
FC250,hss,mql,16,3,93.8,0.197,6.84,4.52,1866.0,1103.0,34.06,3485.16,14.4,6.1,0.1257
FC250,cermet,oil,8,4,192.0,0.209,8.12,11.62,7639.0,6397.0,603.57,15090.54,5.2,1.6,0.1018
SUS304,hss,oil,10,2,90.4,0.199,1.12,2.43,2876.0,1144.0,3.12,431.14,15.2,9.7,0.1813
S45C,carbide,oil,12,6,203.0,0.084,8.44,4.34,5384.0,2714.0,99.51,5883.47,4.7,2.7,0.1463
S45C,carbide,mql,6,6,176.3,0.212,3.37,4.93,9353.0,11919.0,198.2,6745.15,4.9,1.8,0.1196
A5052,cermet,dry,25,3,350.1,0.199,10.98,15.48,4457.0,2664.0,453.01,12939.83,5.5,1.1,0.0761
A5052,cermet,oil,25,4,239.9,0.092,1.96,1.57,3054.0,1120.0,3.46,144.14,45.5,9.4,0.0645
FC250,cermet,water_soluble,10,3,194.6,0.203,0.51,1.43,6195.0,3767.0,2.75,84.83,11.9,11.2,0.2868
A5052,hss,oil,12,4,290.8,0.073,7.7,3.29,7713.0,2254.0,57.04,941.52,5.4,1.6,0.0837
SUS304,carbide,water_soluble,12,4,129.8,0.15,1.19,1.63,3444.0,2070.0,4.03,465.96,10.2,2.4,0.0872
SUS304,cermet,dry,25,3,100.3,0.114,0.32,0.73,1277.0,436.0,0.1,31.54,45.3,9.5,0.0677
A5052,cbn,mql,6,6,383.0,0.147,3.71,8.24,20321.0,17921.0,547.3,3429.2,9.9,2.8,0.0807
S45C,cermet,oil,8,4,94.6,0.166,2.15,2.51,3766.0,2500.0,13.51,1142.11,97.1,5.3,0.0276
A5052,cbn,oil,6,3,225.4,0.104,12.85,5.12,11958.0,3739.0,245.94,2618.53,45.5,27.8,0.1896
A5052,cbn,dry,16,2,464.8,0.473,10.23,20.1,9247.0,8755.0,1799.93,24782.37,5.3,6.2,0.545
FC250,carbide,mql,6,4,181.9,0.185,8.14,12.67,9652.0,7154.0,737.38,14590.66,4.9,3.2,0.1553
S45C,hss,dry,25,4,244.3,0.163,1.86,2.47,3111.0,2029.0,9.32,953.59,4.8,5.2,0.4156
FC250,hss,mql,25,4,164.3,0.143,0.67,1.56,2091.0,1196.0,1.25,113.7,5.4,1.9,0.1059
SKD11,cbn,dry,25,3,63.1,0.088,2.46,2.99,803.0,213.0,1.57,934.09,158.2,51.9,0.0921
FC250,carbide,water_soluble,10,2,147.4,0.129,1.3,2.83,4693.0,1207.0,4.45,181.13,24.8,3.2,0.0508
SUS304,carbide,water_soluble,6,4,81.5,0.146,4.4,3.51,4326.0,2527.0,39.03,3589.72,64.6,21.4,0.0974
S45C,cermet,oil,25,3,158.3,0.122,2.85,5.7,2016.0,735.0,11.94,1885.13,13.5,7.4,0.1305
SKD11,cbn,dry,10,4,83.7,0.112,0.22,0.58,2663.0,1196.0,0.15,27.62,67.0,36.5,0.1474
S45C,carbide,oil,6,3,240.7,0.218,1.12,1.83,12767.0,8365.0,17.07,425.48,5.0,3.3,0.1804
A5052,cbn,mql,25,6,326.2,0.077,13.78,18.66,4154.0,1920.0,493.68,15132.98,14.2,11.9,0.2145
SKD11,carbide,mql,10,2,115.3,0.027,0.5,0.67,3670.0,198.0,0.07,8.62,13.8,14.8,0.4111
A5052,hss,water_soluble,12,4,243.1,0.425,6.69,13.19,6449.0,10962.0,967.31,19096.57,5.1,1.7,0.0989
A5052,cermet,dry,16,3,304.2,0.436,10.42,26.53,6052.0,7909.0,2186.87,46007.4,5.4,1.3,0.0889
SKD11,carbide,water_soluble,25,2,97.3,0.047,0.77,0.85,1239.0,117.0,0.08,29.45,25.6,27.4,0.4017
SUS304,cbn,dry,20,2,76.9,0.181,0.95,1.29,1225.0,443.0,0.54,174.93,135.2,153.8,0.5036
SUS304,cermet,oil,20,4,123.5,0.073,2.61,1.05,1965.0,573.0,1.57,318.31,17.0,8.4,0.1558
SKD11,cermet,oil,25,2,54.2,0.023,2.22,0.7,690.0,31.0,0.05,33.82,503.9,290.7,0.1567
A5052,hss,dry,20,6,444.4,0.499,6.74,6.82,7073.0,21158.0,972.01,17498.59,4.7,3.8,0.205
FC250,hss,water_soluble,12,6,111.8,0.222,9.51,8.02,2966.0,3943.0,300.67,19358.85,7.2,5.1,0.1645
A5052,carbide,dry,6,3,404.2,0.149,7.01,16.86,21444.0,9576.0,1131.75,6719.85,5.1,4.9,0.2718
FC250,carbide,dry,20,6,151.1,0.171,6.41,0.69,2405.0,2462.0,10.87,863.25,7.3,8.4,0.4647
S45C,carbide,dry,16,2,91.2,0.226,2.76,3.53,1814.0,822.0,8.01,1405.31,46.7,23.6,0.1258
SUS304,carbide,water_soluble,12,4,70.1,0.044,2.53,0.57,1860.0,324.0,0.47,100.21,356.4,231.7,0.1964
A5052,hss,water_soluble,25,2,168.3,0.402,12.76,24.07,2143.0,1724.0,529.63,31466.39,6.8,7.1,0.3594
S45C,cbn,oil,16,2,118.4,0.103,8.03,4.91,2355.0,485.0,19.11,2583.06,60.2,2.8,0.0228
SKD11,carbide,oil,6,4,50.9,0.035,1.11,1.13,2702.0,378.0,0.47,83.81,536.8,150.4,0.076
SUS304,cbn,dry,25,2,68.8,0.167,4.85,4.27,877.0,293.0,6.05,2748.2,135.9,91.6,0.1805
SUS304,hss,dry,10,3,125.0,0.084,2.57,2.63,3980.0,1002.0,6.78,677.4,4.5,2.3,0.1416
SKD11,cermet,water_soluble,20,2,109.3,0.097,1.9,2.6,1740.0,338.0,1.67,458.88,7.8,7.9,0.27
SKD11,cbn,water_soluble,6,2,97.3,0.091,1.47,1.16,5161.0,944.0,1.61,148.69,34.2,34.0,0.2572
SKD11,cermet,dry,12,3,81.2,0.135,2.84,6.43,2154.0,870.0,15.86,3515.52,16.9,8.9,0.1444
S45C,carbide,oil,10,4,122.5,0.139,2.18,4.71,3899.0,2169.0,22.28,1819.39,30.4,14.8,0.1533
FC250,cermet,dry,12,6,190.5,0.195,5.57,10.16,5053.0,5924.0,335.26,12671.93,5.3,3.8,0.1687
A5052,cermet,oil,6,2,464.9,0.402,3.33,1.32,24662.0,19821.0,87.46,451.54,4.6,4.0,0.2262
S45C,cermet,water_soluble,16,3,143.1,0.175,7.39,2.95,2847.0,1498.0,32.72,3658.37,13.6,9.3,0.1998
FC250,hss,dry,12,6,88.5,0.136,7.56,10.22,2348.0,1922.0,148.52,12078.64,13.2,14.8,0.5013
S45C,cermet,mql,10,4,179.9,0.071,4.77,10.95,5725.0,1634.0,85.42,4749.21,7.4,8.0,0.3689
SKD11,cermet,dry,8,3,110.7,0.109,2.61,1.15,4403.0,1442.0,4.32,468.13,4.8,1.9,0.1033
SUS304,cbn,oil,6,4,65.0,0.041,3.73,6.48,3447.0,567.0,13.71,1582.28,484.7,224.2,0.1459
FC250,cbn,dry,20,6,169.3,0.088,1.74,2.13,2695.0,1423.0,5.27,373.17,18.0,2.3,0.0459
SKD11,cermet,dry,6,2,77.1,0.134,0.32,0.62,4089.0,1093.0,0.22,25.51,51.6,2.1,0.0182
S45C,hss,oil,10,3,143.4,0.138,5.66,1.7,4563.0,1888.0,18.17,1267.55,4.7,4.2,0.2452
SUS304,cermet,oil,20,6,116.2,0.09,4.1,3.98,1849.0,1003.0,16.38,3523.67,16.8,8.3,0.1292
SUS304,hss,water_soluble,16,6,129.8,0.075,1.45,1.37,2583.0,1169.0,2.33,358.74,5.0,3.2,0.1574
SUS304,cbn,mql,16,6,91.5,0.045,2.36,2.02,1821.0,494.0,2.35,512.87,149.7,14.5,0.0478
SKD11,carbide,water_soluble,8,3,81.8,0.122,0.25,0.63,3253.0,1193.0,0.19,27.61,61.5,1.3,0.0081
SUS304,cermet,dry,10,6,66.1,0.126,4.74,0.55,2104.0,1587.0,4.15,785.42,154.8,32.6,0.0628
FC250,cbn,water_soluble,25,4,182.4,0.234,8.88,11.84,2323.0,2177.0,228.99,18829.46,9.7,8.7,0.205
S45C,cbn,mql,8,4,109.6,0.291,2.17,1.57,4361.0,5072.0,17.22,1256.78,65.1,5.9,0.0418
FC250,hss,water_soluble,12,2,114.2,0.248,9.1,26.65,3030.0,1504.0,364.89,23001.11,6.9,3.4,0.1213
FC250,cermet,oil,16,2,86.0,0.201,8.16,4.26,1711.0,687.0,23.93,2671.42,83.1,59.1,0.1685
S45C,cbn,water_soluble,6,3,165.5,0.129,7.43,19.55,8782.0,3398.0,493.58,17890.49,13.5,13.9,0.3359
SKD11,hss,oil,12,4,41.2,0.034,2.13,2.03,1094.0,148.0,0.64,278.95,549.8,57.2,0.0411
SUS304,carbide,oil,25,2,61.1,0.067,2.48,3.51,777.0,105.0,0.91,466.62,474.8,128.5,0.081
A5052,hss,water_soluble,8,2,184.9,0.075,10.16,24.32,7358.0,1097.0,271.14,4692.13,12.5,8.5,0.2054
A5052,carbide,oil,20,3,318.8,0.284,14.64,28.99,5074.0,4325.0,1835.67,46067.65,5.3,2.1,0.1031
FC250,carbide,water_soluble,8,3,114.8,0.263,4.18,4.39,4567.0,3607.0,66.28,2771.53,28.8,14.1,0.1206
A5052,carbide,mql,8,3,488.8,0.462,2.92,1.5,19449.0,26935.0,118.09,773.07,5.4,2.1,0.1085
FC250,carbide,water_soluble,10,2,128.2,0.264,4.6,5.64,4079.0,2152.0,55.86,2615.23,19.4,3.4,0.0628
S45C,cermet,mql,8,3,187.8,0.068,9.14,26.27,7471.0,1524.0,365.63,15578.7,5.0,2.5,0.1354
SUS304,hss,dry,20,3,65.2,0.075,2.31,5.21,1038.0,233.0,2.81,1075.44,57.1,30.4,0.1332
SUS304,cermet,water_soluble,8,4,126.7,0.065,1.81,2.8,5042.0,1311.0,6.65,524.39,18.9,5.5,0.086
A5052,hss,mql,8,2,311.2,0.455,13.99,11.82,12382.0,11276.0,1863.29,19159.55,5.4,5.4,0.2583
SUS304,hss,water_soluble,10,6,73.0,0.064,0.48,1.1,2323.0,891.0,0.47,80.18,99.8,28.4,0.0966
A5052,carbide,oil,16,4,466.2,0.081,1.34,3.77,9274.0,3018.0,15.31,210.24,6.0,5.6,0.2721
FC250,cermet,oil,12,6,129.4,0.284,0.96,1.0,3433.0,5842.0,5.61,312.34,36.2,2.7,0.0323
FC250,carbide,water_soluble,8,4,166.6,0.265,6.71,10.55,6630.0,7041.0,498.6,14362.17,5.7,3.6,0.1474
FC250,carbide,oil,16,6,139.8,0.128,8.21,21.43,2780.0,2127.0,374.48,25723.69,12.7,9.1,0.2046
SKD11,hss,mql,12,4,117.6,0.123,0.88,2.44,3120.0,1532.0,3.3,504.56,5.0,5.4,0.413
A5052,carbide,water_soluble,10,6,395.9,0.48,8.2,10.14,12603.0,36310.0,3020.28,30514.04,5.1,2.5,0.1225
S45C,carbide,oil,20,6,150.4,0.078,1.22,2.32,2394.0,1122.0,3.17,421.81,24.1,9.2,0.1
S45C,cermet,oil,6,3,102.5,0.218,5.33,11.68,5439.0,3558.0,221.54,12965.54,40.6,23.6,0.1761
SKD11,carbide,dry,20,4,44.2,0.024,2.85,2.44,703.0,68.0,0.47,319.24,458.3,278.6,0.1687
S45C,hss,mql,10,2,200.0,0.255,2.75,5.62,6366.0,3249.0,50.09,2504.91,4.9,4.3,0.2212
A5052,cbn,water_soluble,6,4,185.4,0.354,4.11,0.68,9838.0,13937.0,39.1,506.02,71.4,61.1,0.1857
S45C,carbide,dry,8,4,92.5,0.274,2.67,6.05,3679.0,4025.0,64.99,5622.98,38.5,32.7,0.2089
A5052,cermet,oil,12,6,365.9,0.051,0.64,1.64,9706.0,2988.0,3.12,40.93,25.2,14.3,0.1719
SUS304,hss,dry,10,6,65.4,0.177,1.55,2.95,2081.0,2206.0,10.1,1930.86,36.7,41.2,0.3861
A5052,cermet,dry,16,2,157.1,0.142,7.56,19.99,3126.0,890.0,134.5,5478.58,40.8,24.2,0.1608
SUS304,cermet,water_soluble,25,3,95.5,0.125,2.2,3.3,1216.0,454.0,3.3,1079.92,46.1,24.7,0.1537
A5052,cermet,oil,25,6,234.8,0.466,8.07,0.82,2990.0,8359.0,55.13,2348.05,15.3,4.8,0.1049
FC250,cermet,mql,12,4,156.5,0.189,7.51,7.9,4151.0,3141.0,186.39,8575.7,9.3,4.0,0.1062
SKD11,cermet,mql,12,6,85.7,0.06,0.44,0.57,2273.0,822.0,0.21,43.68,60.5,10.1,0.0582
SKD11,hss,water_soluble,16,3,33.9,0.051,2.69,0.57,675.0,103.0,0.16,111.43,545.9,184.4,0.0938
SUS304,carbide,oil,10,3,102.8,0.195,3.7,2.75,3272.0,1912.0,19.47,2367.27,18.5,4.4,0.0836
FC250,cermet,mql,16,6,87.9,0.223,5.93,16.2,1749.0,2341.0,225.01,24574.31,68.8,72.7,0.3491
S45C,cermet,oil,8,6,127.3,0.131,9.48,8.4,5064.0,3985.0,317.12,19931.62,20.4,4.8,0.0767
SUS304,cbn,water_soluble,10,2,69.7,0.197,3.76,8.85,2220.0,876.0,29.15,5223.53,238.7,164.2,0.1586
S45C,cbn,mql,12,4,208.1,0.105,4.71,8.92,5521.0,2314.0,97.17,5602.03,5.3,6.2,0.5638
A5052,cbn,oil,8,3,311.6,0.191,8.92,19.68,12399.0,7123.0,1250.76,12843.47,12.8,11.0,0.2327
A5052,carbide,dry,10,6,196.2,0.39,4.5,12.27,6246.0,14626.0,807.57,16463.16,11.7,11.6,0.2752
SUS304,carbide,dry,12,6,115.3,0.108,2.17,2.45,3057.0,1973.0,10.49,1365.16,8.7,4.0,0.1286
S45C,cbn,mql,10,4,180.7,0.145,5.27,9.76,5753.0,3336.0,171.56,9492.5,8.3,5.5,0.161
A5052,cbn,dry,25,3,195.9,0.395,14.02,28.45,2494.0,2954.0,1177.98,60138.45,17.5,2.7,0.0643
A5052,hss,water_soluble,8,2,238.5,0.233,6.06,14.54,9488.0,4421.0,389.3,5224.05,5.4,1.4,0.0911
S45C,cermet,mql,6,4,176.2,0.229,9.41,25.79,9346.0,8549.0,2074.52,70651.13,4.7,1.6,0.0957
FC250,cermet,water_soluble,6,2,183.1,0.078,9.5,12.35,9715.0,1506.0,176.76,3474.89,9.3,3.9,0.1341
FC250,cermet,water_soluble,20,6,153.6,0.267,6.79,9.12,2444.0,3919.0,242.65,18959.51,9.1,7.0,0.2132
SKD11,hss,oil,16,2,90.2,0.132,0.66,1.69,1794.0,474.0,0.53,140.18,7.4,3.1,0.1344
SUS304,cbn,oil,6,4,75.4,0.197,4.92,13.69,4000.0,3152.0,212.3,21116.06,129.1,126.7,0.2766
SKD11,cbn,mql,12,6,64.8,0.083,1.19,1.49,1718.0,856.0,1.52,422.73,286.9,8.0,0.0123
SUS304,carbide,oil,6,3,93.2,0.16,4.97,9.99,4942.0,2369.0,117.5,9459.63,24.3,25.8,0.3676
S45C,hss,water_soluble,16,6,172.6,0.121,9.51,24.11,3434.0,2491.0,571.21,52942.26,4.6,1.5,0.0973
SUS304,hss,mql,6,6,65.9,0.113,2.01,4.04,3494.0,2366.0,19.22,2188.73,66.5,30.4,0.1359
FC250,cermet,oil,20,3,180.0,0.124,8.0,1.23,2864.0,1069.0,10.54,703.07,8.7,3.9,0.121
SKD11,cermet,oil,12,2,84.6,0.036,1.1,2.92,2244.0,160.0,0.51,109.13,63.2,31.1,0.1255
A5052,cbn,oil,6,4,225.1,0.382,3.24,5.79,11942.0,18255.0,342.84,3655.34,36.3,23.1,0.1636
SUS304,cermet,mql,12,6,142.2,0.063,4.81,2.49,3772.0,1429.0,17.13,1807.05,6.7,3.5,0.1399
A5052,hss,mql,16,3,309.2,0.262,10.75,28.25,6152.0,4833.0,1467.09,30363.39,4.5,3.2,0.1905
SUS304,carbide,dry,25,6,117.9,0.06,3.67,7.92,1501.0,540.0,15.68,4155.66,8.3,6.8,0.2047
SUS304,carbide,dry,10,3,87.3,0.114,3.02,2.12,2780.0,949.0,6.08,870.47,33.4,12.6,0.1081
SKD11,carbide,water_soluble,6,4,37.1,0.089,1.33,2.55,1967.0,697.0,2.36,572.86,493.1,53.3,0.0537
SUS304,hss,oil,25,6,82.5,0.046,4.89,4.55,1051.0,291.0,6.47,2449.08,26.6,6.7,0.0826
FC250,carbide,mql,6,3,177.5,0.082,0.67,1.55,9417.0,2321.0,2.43,49.24,18.1,4.1,0.0744
SKD11,cbn,dry,25,3,76.2,0.084,1.13,0.71,970.0,246.0,0.2,96.64,74.0,32.2,0.1247
A5052,carbide,dry,8,6,340.2,0.187,3.14,1.27,13536.0,15199.0,60.31,567.35,4.7,4.2,0.2224
SKD11,cermet,mql,8,6,79.9,0.089,2.26,0.85,3179.0,1688.0,3.22,483.67,44.6,12.4,0.0785
SUS304,cbn,mql,6,6,52.3,0.182,1.29,1.27,2775.0,3038.0,4.97,712.07,462.7,192.1,0.1041
SUS304,cbn,water_soluble,16,2,84.0,0.15,2.92,2.61,1670.0,502.0,3.83,913.44,120.2,77.8,0.1708
A5052,hss,dry,12,2,324.0,0.092,4.72,13.92,8595.0,1587.0,104.18,1543.21,4.8,5.8,0.6218
S45C,carbide,mql,25,4,142.6,0.143,4.14,10.48,1816.0,1041.0,45.22,7927.57,11.8,5.4,0.1416
S45C,cermet,oil,16,4,198.8,0.263,1.83,3.22,3955.0,4168.0,24.57,1977.2,4.6,1.2,0.091
A5052,cbn,water_soluble,10,2,291.3,0.355,6.6,19.06,9272.0,6590.0,829.57,11392.25,14.0,2.7,0.0653
SKD11,cbn,oil,6,6,54.5,0.048,1.89,3.1,2889.0,826.0,4.85,800.86,545.3,122.1,0.0743
SKD11,carbide,water_soluble,20,6,41.7,0.092,2.85,3.84,663.0,368.0,4.02,2896.8,510.7,279.2,0.1655
SKD11,carbide,mql,8,6,116.5,0.12,1.57,1.92,4637.0,3340.0,10.05,1034.41,5.2,5.2,0.2695
SUS304,carbide,oil,6,3,106.0,0.154,1.97,3.81,5625.0,2597.0,19.47,1377.15,20.4,16.0,0.1918
SKD11,cbn,water_soluble,25,6,50.2,0.085,2.55,5.52,639.0,326.0,4.6,3433.66,485.1,122.0,0.0781
S45C,carbide,oil,6,6,211.2,0.154,7.61,21.97,11205.0,10385.0,1735.98,49316.98,4.7,5.4,0.4886
A5052,hss,oil,6,2,325.2,0.435,8.2,6.65,17253.0,15010.0,817.69,6034.55,5.0,2.2,0.1259
A5052,carbide,dry,6,3,272.4,0.182,6.19,6.68,14449.0,7876.0,325.95,2872.28,7.0,1.7,0.0893
S45C,hss,dry,10,6,81.4,0.092,6.02,13.04,2592.0,1433.0,112.44,13809.42,23.8,11.2,0.1414
S45C,carbide,mql,10,2,170.9,0.219,4.47,9.92,5439.0,2380.0,105.47,6172.55,4.6,1.9,0.1294
A5052,cermet,oil,8,2,499.2,0.449,12.25,11.54,19861.0,17840.0,2522.65,16172.3,5.2,2.6,0.1254
SUS304,carbide,mql,25,3,140.4,0.084,3.45,2.35,1788.0,453.0,3.67,817.47,5.7,4.5,0.1955
S45C,cermet,oil,16,6,160.4,0.06,6.57,1.47,3191.0,1144.0,11.06,1102.86,16.2,4.5,0.0914
FC250,carbide,mql,6,3,162.9,0.178,6.68,17.89,8641.0,4623.0,552.48,12211.49,7.3,6.8,0.2502
S45C,cermet,oil,8,2,230.7,0.259,8.89,24.62,9179.0,4763.0,1042.09,36139.49,4.6,3.5,0.2254
SKD11,cermet,water_soluble,25,3,69.4,0.054,0.66,1.52,884.0,144.0,0.14,78.08,186.3,72.1,0.1158
SUS304,carbide,mql,12,2,57.3,0.168,3.84,8.79,1521.0,511.0,17.24,4512.37,301.6,143.6,0.1394
SKD11,carbide,water_soluble,8,6,58.5,0.107,0.29,0.76,2327.0,1498.0,0.33,67.67,396.5,229.7,0.1426
A5052,hss,dry,6,4,329.4,0.47,8.08,7.42,17476.0,32884.0,1971.93,14366.95,5.4,2.0,0.1087
A5052,carbide,oil,6,2,418.8,0.386,5.02,4.96,22220.0,17165.0,427.24,2448.18,4.6,5.0,0.3621
FC250,cbn,mql,6,6,95.2,0.165,8.53,23.01,5052.0,5016.0,983.85,37196.08,90.8,11.8,0.0448
FC250,cbn,dry,6,2,120.8,0.052,5.06,0.73,6410.0,662.0,2.45,73.03,61.1,32.6,0.1375
SUS304,cermet,mql,16,4,145.4,0.068,4.63,6.21,2893.0,786.0,22.63,3112.3,5.2,5.8,0.388
SKD11,hss,dry,12,6,34.9,0.075,2.18,3.3,927.0,416.0,2.99,1540.6,468.0,287.9,0.1607
SUS304,cermet,mql,20,6,113.4,0.185,1.28,2.72,1805.0,2008.0,7.0,1544.39,17.3,4.2,0.0848
A5052,cermet,oil,6,6,359.8,0.127,11.25,9.43,19088.0,14553.0,1544.11,10299.75,5.6,4.9,0.1999
FC250,hss,water_soluble,8,6,147.8,0.217,9.63,17.62,5881.0,7672.0,1301.85,42278.13,4.5,1.4,0.0944
A5052,cermet,water_soluble,6,2,380.8,0.331,4.6,5.52,20202.0,13378.0,339.73,2141.14,5.2,3.7,0.198
S45C,carbide,dry,20,4,237.0,0.107,7.62,14.6,3773.0,1621.0,180.4,15221.45,4.9,5.6,0.4775
FC250,carbide,dry,20,2,81.6,0.286,5.15,5.61,1298.0,743.0,21.45,3156.46,43.1,30.5,0.1909
FC250,carbide,dry,20,4,152.4,0.283,2.43,1.5,2426.0,2751.0,10.03,789.38,7.4,2.5,0.0933
SKD11,carbide,oil,20,3,58.4,0.035,0.5,1.22,929.0,98.0,0.06,30.51,475.7,7.3,0.0063
S45C,cbn,dry,8,2,161.8,0.165,3.94,7.15,6438.0,2123.0,59.84,2958.8,8.9,1.7,0.0685
SUS304,carbide,oil,10,4,91.2,0.154,2.42,6.3,2903.0,1784.0,27.23,3732.46,37.4,25.6,0.1606
FC250,hss,mql,16,3,104.7,0.269,2.0,3.01,2084.0,1683.0,10.15,930.42,13.8,6.9,0.1559
A5052,hss,water_soluble,10,3,173.5,0.259,12.4,18.63,5524.0,4294.0,991.92,22863.87,8.4,2.1,0.068
SUS304,carbide,mql,25,2,129.0,0.08,2.63,3.61,1643.0,264.0,2.5,606.68,9.1,9.8,0.3653
SUS304,carbide,dry,8,6,112.7,0.084,4.87,3.24,4485.0,2255.0,35.56,3154.17,8.8,1.1,0.0554
A5052,cbn,water_soluble,12,3,265.1,0.325,13.13,0.96,7031.0,6853.0,86.02,1557.61,18.9,2.0,0.0399
A5052,hss,water_soluble,25,4,329.4,0.304,7.67,16.96,4194.0,5098.0,662.94,20125.32,5.4,3.7,0.184
S45C,carbide,mql,16,3,216.3,0.16,5.16,13.22,4303.0,2070.0,141.21,10446.53,5.0,2.3,0.1443
SUS304,carbide,mql,16,6,128.2,0.159,2.55,0.82,2550.0,2433.0,5.08,793.04,6.9,6.9,0.2635
A5052,cermet,oil,6,2,406.4,0.244,10.36,18.47,21558.0,10542.0,2015.95,11906.55,4.9,3.3,0.1881
S45C,cbn,dry,10,2,245.2,0.059,3.5,3.64,7806.0,927.0,11.83,482.35,4.6,3.8,0.1869
FC250,hss,dry,25,4,172.3,0.199,3.7,3.29,2194.0,1748.0,21.27,1851.33,5.0,3.9,0.1978
SUS304,hss,water_soluble,12,3,71.0,0.055,4.55,13.24,1882.0,309.0,18.6,3932.1,60.7,48.7,0.2003
A5052,cbn,oil,8,4,361.1,0.076,13.46,16.13,14366.0,4351.0,944.49,8370.96,12.4,3.1,0.069
FC250,carbide,dry,16,3,95.5,0.167,6.18,1.06,1899.0,952.0,6.24,627.09,34.3,17.9,0.1614
A5052,hss,mql,6,2,240.7,0.059,1.02,2.84,12771.0,1495.0,4.34,43.23,14.3,1.3,0.038
SKD11,carbide,mql,25,2,91.9,0.049,1.43,3.46,1171.0,114.0,0.56,229.16,23.0,22.1,0.2945
S45C,hss,oil,10,6,235.3,0.202,5.82,16.8,7489.0,9083.0,887.68,37731.84,4.8,2.4,0.1477
S45C,hss,oil,12,6,196.8,0.074,9.26,16.02,5221.0,2316.0,343.68,20952.3,5.3,1.5,0.0923
SUS304,carbide,oil,25,6,94.8,0.138,1.34,2.88,1207.0,1001.0,3.87,1274.73,42.6,31.9,0.1957
SKD11,hss,oil,10,3,52.5,0.064,1.85,2.79,1671.0,319.0,1.65,471.89,132.7,2.7,0.0099
A5052,cermet,dry,20,4,374.8,0.161,2.08,5.07,5965.0,3830.0,40.48,864.19,4.8,5.0,0.3415
FC250,cbn,water_soluble,6,3,134.8,0.286,8.93,3.19,7153.0,6127.0,174.64,4662.86,27.8,9.8,0.1035
FC250,cbn,oil,16,6,95.3,0.094,9.62,20.16,1895.0,1068.0,207.24,20881.32,119.9,49.1,0.1085
S45C,hss,dry,16,2,226.2,0.081,4.62,5.8,4500.0,726.0,19.44,1374.77,4.7,1.0,0.0685
S45C,cermet,oil,25,4,120.9,0.082,7.3,1.98,1540.0,508.0,7.34,1516.83,35.6,24.2,0.1939
SUS304,cbn,oil,12,2,98.6,0.083,0.97,1.01,2616.0,436.0,0.43,64.95,110.5,87.9,0.2373
SUS304,cermet,dry,8,4,74.0,0.093,1.38,2.55,2943.0,1099.0,3.87,523.04,121.6,133.4,0.3971
FC250,hss,mql,10,6,150.2,0.254,9.89,11.84,4780.0,7286.0,853.17,34088.15,5.4,6.3,0.4935
FC250,hss,oil,6,3,172.4,0.175,3.4,9.94,9149.0,4800.0,162.28,3387.68,4.9,2.4,0.1447
FC250,cbn,dry,25,2,151.4,0.248,9.9,20.33,1928.0,958.0,192.76,19098.7,7.5,3.7,0.1216
A5052,hss,water_soluble,16,3,453.6,0.155,11.79,18.45,9024.0,4199.0,913.32,12887.1,4.9,4.3,0.196
FC250,carbide,water_soluble,16,4,162.9,0.151,8.82,11.28,3241.0,1958.0,194.74,11475.6,7.5,5.4,0.2035
A5052,cermet,mql,10,6,262.3,0.164,8.25,20.47,8350.0,8192.0,1382.69,21083.39,11.4,10.0,0.2222
SUS304,cermet,oil,25,2,90.2,0.163,4.83,2.27,1149.0,375.0,4.11,1422.14,41.8,19.5,0.126
A5052,hss,mql,10,4,495.3,0.329,9.94,6.33,15767.0,20731.0,1304.1,10530.91,5.2,5.7,0.4866
S45C,cbn,mql,10,2,86.9,0.074,0.56,0.68,2765.0,407.0,0.16,18.08,549.6,87.4,0.0527
S45C,carbide,water_soluble,16,3,168.4,0.141,8.8,10.73,3351.0,1419.0,133.95,12724.53,5.3,3.0,0.1474
SKD11,carbide,dry,8,2,81.9,0.029,0.74,1.2,3261.0,186.0,0.16,23.99,46.7,37.6,0.1946
S45C,cbn,water_soluble,16,2,131.9,0.089,2.15,5.03,2624.0,469.0,5.09,616.93,61.8,28.8,0.1314
A5052,hss,mql,25,2,253.3,0.38,13.13,6.18,3225.0,2451.0,198.99,7856.15,5.4,2.9,0.1511
SUS304,cbn,mql,25,2,126.1,0.102,0.32,0.65,1606.0,328.0,0.07,16.82,35.2,5.6,0.0578
SKD11,cbn,oil,8,6,101.3,0.102,0.63,1.48,4032.0,2463.0,2.29,271.09,25.1,13.0,0.1362
SKD11,cbn,water_soluble,12,6,90.1,0.025,1.29,3.17,2390.0,362.0,1.49,297.53,92.2,23.4,0.0751
SUS304,cermet,dry,20,4,68.1,0.052,1.84,1.56,1083.0,226.0,0.65,237.28,241.6,261.4,0.3349
A5052,cbn,oil,20,3,380.0,0.214,9.37,19.71,6048.0,3888.0,717.8,15111.95,6.1,1.4,0.0793
S45C,cermet,dry,8,2,107.8,0.058,1.84,3.56,4289.0,501.0,3.28,243.46,55.9,2.7,0.0229
SUS304,cbn,mql,16,3,62.8,0.184,3.46,9.37,1249.0,688.0,22.28,7100.57,359.7,235.6,0.1544
SKD11,carbide,dry,6,2,105.7,0.1,2.0,0.66,5609.0,1125.0,1.48,125.98,5.3,2.4,0.1357
SKD11,cermet,water_soluble,10,4,48.1,0.043,1.15,1.73,1531.0,265.0,0.52,163.52,497.7,81.9,0.0517
SUS304,cbn,oil,25,4,143.0,0.095,0.67,0.76,1821.0,691.0,0.35,76.76,16.2,4.4,0.0814
S45C,hss,water_soluble,12,6,91.1,0.256,1.7,4.64,2415.0,3714.0,29.27,3857.28,25.6,23.1,0.2424
SKD11,carbide,oil,8,2,100.7,0.08,2.83,4.39,4008.0,642.0,8.0,952.74,10.0,10.1,0.3083
A5052,cermet,mql,25,3,154.3,0.446,1.15,2.67,1965.0,2629.0,8.08,523.81,74.8,74.7,0.2581
S45C,hss,dry,16,3,209.6,0.258,3.81,10.24,4171.0,3232.0,126.0,9616.56,5.0,6.0,0.6281
FC250,cermet,oil,6,3,155.1,0.226,6.68,19.42,8230.0,5580.0,724.11,16802.66,9.2,1.6,0.0628
S45C,cbn,oil,10,4,178.7,0.147,2.12,1.83,5689.0,3346.0,13.0,727.36,14.0,9.1,0.1579
A5052,cbn,dry,16,2,440.4,0.303,10.23,21.24,8761.0,5310.0,1153.62,16765.31,5.0,5.7,0.5353
A5052,cbn,dry,16,6,211.5,0.079,8.88,9.85,4207.0,1995.0,174.41,5278.74,38.3,17.5,0.122
SKD11,carbide,oil,8,4,62.1,0.128,2.58,3.57,2470.0,1267.0,11.68,2258.79,104.0,65.8,0.1625
FC250,cbn,mql,10,6,134.3,0.083,0.96,2.34,4274.0,2138.0,4.77,213.21,87.4,40.3,0.1291
FC250,cermet,oil,16,2,81.4,0.083,3.44,1.65,1619.0,267.0,1.51,178.63,219.5,35.2,0.0539
A5052,carbide,dry,12,6,243.2,0.274,6.59,4.2,6451.0,10595.0,292.94,5782.04,8.0,6.8,0.1869
A5052,carbide,water_soluble,20,3,378.9,0.237,3.11,6.57,6031.0,4293.0,87.64,1850.4,5.6,1.7,0.0999
S45C,cbn,mql,10,6,155.1,0.286,1.85,3.74,4936.0,8477.0,58.46,3770.19,17.8,7.7,0.1408
S45C,hss,mql,25,6,188.6,0.288,1.46,1.7,2401.0,4154.0,10.3,1365.99,5.5,1.5,0.0749
FC250,cermet,water_soluble,8,2,188.9,0.23,6.93,11.11,7518.0,3463.0,266.63,6773.88,4.7,2.8,0.1621
FC250,carbide,dry,16,2,191.9,0.23,7.77,2.59,3817.0,1757.0,35.35,1768.85,4.7,1.8,0.124
S45C,cermet,water_soluble,16,2,239.6,0.096,9.79,29.21,4766.0,919.0,262.93,17560.74,4.7,2.5,0.1421
SUS304,hss,water_soluble,16,2,119.1,0.164,0.85,1.23,2369.0,776.0,0.81,136.3,4.7,4.0,0.231
SUS304,cbn,water_soluble,25,2,64.9,0.1,2.57,2.4,826.0,166.0,1.02,493.34,466.3,147.3,0.1043
SKD11,hss,mql,25,2,78.4,0.023,1.44,3.49,998.0,46.0,0.23,110.39,25.2,27.6,0.3472
S45C,cbn,water_soluble,16,6,178.1,0.088,2.18,2.22,3543.0,1872.0,9.06,813.8,20.7,16.7,0.2302
A5052,cermet,mql,16,6,267.4,0.417,12.14,25.45,5319.0,13313.0,4111.89,98427.49,7.1,8.2,0.4759
S45C,carbide,mql,10,4,149.0,0.22,1.14,2.23,4741.0,4170.0,10.57,709.78,14.0,3.7,0.0936
SKD11,carbide,dry,16,4,101.3,0.058,0.42,0.87,2015.0,468.0,0.17,40.83,11.7,13.4,0.4732
FC250,cbn,oil,12,2,113.7,0.3,3.05,3.34,3016.0,1808.0,18.4,1165.29,57.2,15.6,0.0769
A5052,carbide,dry,6,2,227.5,0.259,7.32,19.25,12071.0,6243.0,879.5,9276.83,8.2,6.9,0.2369
A5052,hss,dry,6,2,360.5,0.345,0.63,1.78,19124.0,13194.0,14.67,97.68,4.9,2.9,0.1397
SKD11,cbn,oil,25,4,107.5,0.04,1.46,2.09,1369.0,220.0,0.67,234.26,22.9,18.0,0.2296
SKD11,carbide,water_soluble,8,4,81.4,0.137,1.3,3.85,3241.0,1781.0,8.94,1317.49,32.7,25.6,0.1816
FC250,cbn,dry,16,2,140.3,0.262,0.69,1.46,2791.0,1463.0,1.48,101.13,31.1,11.3,0.113
SUS304,hss,water_soluble,10,4,53.5,0.1,1.66,4.12,1702.0,678.0,4.64,1083.93,259.1,182.3,0.1932
A5052,cermet,water_soluble,16,6,296.3,0.296,8.53,12.95,5896.0,10470.0,1155.78,24960.76,7.2,6.5,0.2131
A5052,cermet,mql,12,6,486.3,0.275,2.13,3.09,12898.0,21267.0,139.67,1378.76,5.4,3.2,0.1812
SUS304,cbn,mql,8,4,91.2,0.036,2.64,4.61,3629.0,523.0,6.37,698.91,152.3,33.3,0.0675
A5052,cermet,oil,25,3,197.6,0.274,3.61,1.12,2516.0,2067.0,8.35,422.46,38.2,7.6,0.0666
FC250,carbide,water_soluble,10,6,198.5,0.27,4.25,8.91,6317.0,10250.0,388.03,11730.98,5.1,2.6,0.145
S45C,cermet,oil,6,3,191.9,0.116,0.61,1.2,10181.0,3542.0,2.61,81.5,11.7,8.7,0.1947
A5052,carbide,dry,12,2,272.4,0.332,11.87,19.62,7227.0,4804.0,1119.22,19718.43,5.4,5.7,0.3829
A5052,cermet,water_soluble,8,4,432.1,0.18,10.13,13.08,17192.0,12397.0,1643.18,12169.17,5.3,3.8,0.202
SKD11,cermet,water_soluble,20,6,104.1,0.109,2.16,4.85,1657.0,1081.0,11.34,3267.18,10.1,7.9,0.2168
SUS304,cermet,mql,6,4,67.6,0.156,1.48,2.3,3587.0,2243.0,7.65,848.31,235.9,127.4,0.1318
SKD11,carbide,mql,10,6,83.9,0.074,1.41,0.7,2672.0,1193.0,1.18,210.66,34.3,7.0,0.0613
A5052,carbide,mql,12,4,397.8,0.387,3.36,7.94,10551.0,16314.0,434.45,5242.78,4.9,2.0,0.1158
S45C,hss,dry,12,3,205.2,0.078,8.16,6.57,5444.0,1280.0,68.61,4011.64,5.1,1.4,0.0723
SKD11,hss,water_soluble,12,6,45.3,0.053,0.94,1.79,1202.0,383.0,0.64,254.6,521.1,38.8,0.0383
S45C,hss,dry,16,2,211.2,0.138,8.21,8.21,4201.0,1158.0,78.12,5919.01,4.9,3.2,0.15
SUS304,cbn,mql,20,3,58.8,0.144,4.51,1.25,935.0,403.0,2.28,968.67,521.7,131.7,0.0786
SUS304,cermet,mql,20,6,98.4,0.057,3.89,6.01,1565.0,534.0,12.48,3172.02,38.7,26.1,0.194
FC250,hss,oil,25,4,172.1,0.06,1.67,1.41,2192.0,527.0,1.24,108.35,5.2,4.3,0.1976
FC250,carbide,mql,20,3,122.9,0.194,3.75,1.4,1956.0,1140.0,5.99,585.43,23.8,3.0,0.0569
SUS304,cermet,mql,10,6,88.5,0.121,4.26,7.66,2818.0,2043.0,66.62,9404.98,47.5,1.5,0.015
SKD11,cbn,dry,12,2,75.3,0.096,2.78,0.88,1997.0,383.0,0.94,225.12,61.0,18.5,0.1033
FC250,hss,water_soluble,16,2,192.0,0.214,4.67,1.11,3819.0,1637.0,8.46,423.03,5.0,1.1,0.08
FC250,hss,oil,20,4,199.3,0.155,6.28,2.42,3173.0,1967.0,29.88,1798.49,4.7,4.9,0.3655
FC250,hss,mql,25,3,163.4,0.154,5.87,11.61,2081.0,964.0,65.77,6036.33,5.4,1.7,0.102
SKD11,cbn,mql,25,2,80.4,0.04,2.42,6.69,1024.0,82.0,1.33,618.72,92.4,103.5,0.4993
S45C,hss,mql,25,6,217.8,0.222,7.39,15.62,2773.0,3700.0,426.94,49012.06,4.6,2.2,0.1493
FC250,cbn,dry,25,6,96.8,0.131,6.0,1.81,1233.0,965.0,10.5,1626.36,77.7,85.2,0.4417
FC250,hss,mql,20,3,143.8,0.268,7.03,2.8,2288.0,1840.0,36.18,3019.48,4.9,2.0,0.0989
SUS304,cermet,dry,16,4,133.1,0.054,4.88,9.04,2647.0,577.0,25.47,3827.38,5.0,5.3,0.4019
S45C,cermet,water_soluble,25,3,106.8,0.199,6.14,3.44,1360.0,810.0,17.11,4007.04,47.4,23.0,0.1247
SUS304,hss,mql,6,3,70.6,0.055,4.05,1.23,3746.0,619.0,3.08,327.69,64.9,75.2,0.4405
SKD11,cbn,mql,20,2,100.3,0.141,0.89,1.75,1597.0,450.0,0.7,209.12,19.0,17.6,0.2664
SKD11,cermet,oil,12,4,88.0,0.131,1.91,4.95,2335.0,1221.0,11.52,2355.21,21.1,11.9,0.1323
S45C,carbide,water_soluble,25,2,216.6,0.183,2.27,3.19,2758.0,1009.0,7.32,845.05,5.2,4.2,0.2034
SKD11,cermet,water_soluble,12,2,79.9,0.063,2.22,4.46,2119.0,266.0,2.63,592.46,57.1,44.8,0.2149
A5052,cbn,dry,16,2,280.7,0.366,12.62,20.8,5585.0,4087.0,1072.75,24456.09,6.3,5.2,0.2231
FC250,cbn,dry,16,6,115.5,0.179,2.07,6.09,2298.0,2465.0,31.06,2581.38,49.3,54.1,0.413
SKD11,carbide,water_soluble,6,4,106.7,0.093,1.69,2.34,5660.0,2099.0,8.29,699.64,7.9,7.4,0.289
S45C,carbide,mql,6,3,88.9,0.113,1.21,0.82,4716.0,1604.0,1.59,107.44,135.6,107.6,0.1942
A5052,cermet,mql,20,3,336.7,0.096,13.15,15.48,5359.0,1537.0,312.74,7430.04,7.7,4.5,0.1521
SUS304,hss,oil,20,2,106.0,0.034,2.75,3.53,1688.0,114.0,1.1,260.16,12.3,9.7,0.238
SKD11,hss,oil,20,6,53.1,0.079,0.28,0.64,845.0,402.0,0.07,41.29,244.6,152.2,0.1841
A5052,hss,oil,20,4,260.3,0.309,14.28,25.84,4142.0,5120.0,1889.88,58093.61,4.7,1.9,0.1332
SKD11,cermet,dry,20,2,96.8,0.116,0.7,1.82,1540.0,357.0,0.45,140.25,12.2,6.0,0.1515
S45C,cbn,water_soluble,12,4,151.9,0.179,4.01,9.05,4029.0,2889.0,105.01,8296.65,17.6,19.8,0.4736
SKD11,hss,mql,16,6,97.9,0.063,0.59,1.0,1949.0,734.0,0.43,105.99,5.8,4.6,0.2058
SUS304,carbide,oil,6,4,110.1,0.179,0.86,1.44,5843.0,4173.0,5.2,353.85,22.6,14.6,0.1876
FC250,cbn,mql,16,2,95.0,0.097,3.83,10.74,1889.0,367.0,15.1,1526.59,152.0,90.5,0.1503
SUS304,carbide,dry,20,6,104.0,0.108,1.83,2.88,1655.0,1076.0,5.67,1362.92,17.7,20.0,0.5025
SUS304,carbide,oil,10,3,92.8,0.18,4.82,12.96,2954.0,1592.0,99.35,13380.67,25.5,21.4,0.2416
S45C,carbide,dry,6,4,206.8,0.18,3.05,7.22,10973.0,7910.0,174.27,5055.16,5.2,2.7,0.1429
SUS304,cermet,dry,20,4,103.4,0.131,0.45,0.64,1646.0,864.0,0.25,60.16,29.6,18.5,0.1469
SUS304,hss,mql,16,6,104.3,0.115,0.93,1.64,2076.0,1426.0,2.19,418.85,8.6,9.7,0.4648
S45C,cermet,water_soluble,6,6,174.7,0.077,9.37,9.7,9267.0,4284.0,389.45,13377.34,7.8,3.3,0.1229
S45C,carbide,water_soluble,6,2,125.2,0.16,0.79,1.94,6642.0,2120.0,3.23,154.97,41.9,27.9,0.1833
SKD11,cermet,mql,8,2,68.6,0.073,0.52,1.21,2731.0,399.0,0.25,43.97,175.1,153.4,0.1895
SKD11,carbide,water_soluble,6,3,104.9,0.081,1.75,4.51,5563.0,1353.0,10.7,918.54,8.9,9.0,0.3161
A5052,hss,water_soluble,20,4,294.6,0.445,2.33,6.17,4689.0,8339.0,119.85,3254.29,4.9,1.8,0.114
A5052,cbn,dry,10,6,234.6,0.3,12.04,0.61,7466.0,13425.0,98.82,1685.29,15.5,6.6,0.12
SKD11,cermet,oil,10,4,77.9,0.071,1.02,2.6,2481.0,705.0,1.86,357.75,71.4,45.1,0.1677
A5052,carbide,water_soluble,8,6,316.6,0.105,13.96,13.9,12596.0,7948.0,1541.24,15578.95,7.6,1.2,0.0504
FC250,cbn,water_soluble,12,2,129.7,0.054,8.49,13.32,3441.0,370.0,41.81,2320.04,59.0,32.2,0.1363
SKD11,carbide,oil,12,2,57.7,0.026,1.97,1.85,1530.0,78.0,0.28,88.81,467.1,98.8,0.0658
A5052,cbn,water_soluble,8,4,241.9,0.165,11.7,13.32,9625.0,6339.0,987.95,13069.14,26.6,24.7,0.2676
SKD11,carbide,dry,25,3,58.6,0.049,2.1,4.89,747.0,109.0,1.12,713.34,162.6,66.2,0.1101
S45C,cbn,dry,6,6,93.6,0.154,9.46,20.61,4964.0,4601.0,896.9,57515.58,60.6,53.5,0.2331
FC250,cermet,oil,6,2,155.2,0.249,9.71,13.87,8232.0,4097.0,551.58,12796.22,8.0,6.8,0.2226
A5052,cermet,dry,16,3,184.5,0.169,7.68,19.58,3670.0,1864.0,280.19,9720.87,20.1,6.8,0.1086
S45C,cbn,mql,8,6,125.7,0.137,7.27,12.33,5001.0,4108.0,368.24,23440.14,33.3,20.2,0.1786
A5052,carbide,mql,10,4,237.5,0.327,7.73,22.96,7558.0,9895.0,1756.74,29592.68,9.0,10.6,0.5813
SUS304,hss,oil,16,6,131.0,0.148,3.9,5.44,2606.0,2318.0,49.17,7508.5,4.9,2.0,0.124
SKD11,hss,oil,6,6,92.6,0.065,2.14,5.74,4911.0,1907.0,23.46,2280.71,5.2,2.3,0.13
S45C,carbide,water_soluble,25,2,147.4,0.152,5.83,4.38,1876.0,569.0,14.52,2463.91,10.9,9.5,0.2231
A5052,cermet,oil,20,2,449.0,0.359,8.04,20.11,7146.0,5132.0,829.99,14787.61,4.7,2.3,0.1381
SUS304,hss,water_soluble,25,6,129.1,0.129,3.97,2.69,1644.0,1271.0,13.56,3281.83,5.4,1.4,0.077
A5052,cbn,oil,6,4,472.9,0.076,0.93,0.91,25089.0,7579.0,6.37,32.35,15.5,11.8,0.1738
A5052,carbide,oil,6,4,268.7,0.082,8.91,19.38,14255.0,4660.0,804.67,7187.35,15.0,5.9,0.1227
S45C,cermet,dry,25,2,169.5,0.149,2.21,5.67,2158.0,643.0,8.06,1189.29,5.3,1.1,0.0606
S45C,carbide,dry,6,2,113.8,0.177,2.0,4.18,6037.0,2138.0,17.84,940.36,20.2,11.9,0.1394
A5052,hss,dry,8,4,199.5,0.425,0.62,0.79,7940.0,13509.0,6.58,105.59,7.2,8.5,0.4643
FC250,cbn,water_soluble,25,4,181.3,0.158,8.37,20.76,2308.0,1460.0,253.7,20989.55,11.1,4.6,0.1115
SKD11,hss,water_soluble,20,3,92.7,0.041,0.62,1.12,1475.0,183.0,0.13,40.77,12.3,2.0,0.0672
SKD11,cbn,dry,12,6,117.4,0.113,1.1,1.4,3113.0,2112.0,3.26,500.12,5.9,1.9,0.0879
FC250,carbide,dry,8,3,160.8,0.256,3.4,10.09,6397.0,4919.0,168.63,5034.3,5.2,3.3,0.1706
SUS304,cermet,water_soluble,25,6,145.5,0.187,4.57,7.27,1852.0,2082.0,69.25,14876.61,5.0,4.4,0.2547
FC250,hss,mql,16,3,177.8,0.295,8.86,7.8,3538.0,3128.0,216.29,11676.79,4.6,2.3,0.1448
SKD11,cermet,mql,16,6,39.6,0.031,0.21,0.55,787.0,145.0,0.02,10.1,513.8,89.5,0.0664
SKD11,hss,dry,25,3,88.2,0.08,1.59,2.32,1123.0,271.0,1.0,424.16,4.7,3.4,0.2053
FC250,carbide,water_soluble,10,2,194.0,0.095,0.74,0.57,6175.0,1172.0,0.49,15.26,13.1,15.1,0.4383
SUS304,cbn,water_soluble,6,3,112.4,0.062,2.51,5.56,5962.0,1111.0,15.47,1032.77,45.4,18.2,0.12
A5052,hss,water_soluble,6,2,277.2,0.259,14.69,5.59,14705.0,7618.0,625.26,5413.88,5.2,6.1,0.4551
SKD11,cbn,mql,25,6,67.7,0.077,1.98,4.7,861.0,400.0,3.71,2058.38,182.3,41.7,0.0718
FC250,cermet,oil,8,6,120.1,0.077,1.88,0.67,4778.0,2203.0,2.79,111.48,80.3,12.0,0.0643
SUS304,hss,oil,8,2,143.3,0.072,3.32,3.1,5700.0,824.0,8.48,592.13,5.3,5.7,0.4263
S45C,cbn,dry,8,6,170.8,0.145,3.73,7.14,6795.0,5903.0,157.36,7371.35,7.6,7.7,0.3028
A5052,cbn,oil,25,2,222.3,0.359,5.61,12.14,2830.0,2034.0,138.56,6234.15,27.0,5.9,0.083
A5052,carbide,mql,20,6,196.9,0.475,12.16,5.83,3133.0,8925.0,632.67,25708.12,13.1,12.7,0.2722
SUS304,carbide,oil,10,2,76.3,0.094,2.64,3.05,2428.0,456.0,3.66,600.21,135.3,84.9,0.184
SUS304,cbn,water_soluble,25,3,85.8,0.171,0.41,0.68,1093.0,560.0,0.15,55.9,227.9,128.4,0.1498
A5052,cbn,water_soluble,25,6,447.6,0.368,4.71,2.75,5699.0,12579.0,163.13,3644.54,4.9,1.4,0.0831
SKD11,carbide,mql,12,2,80.6,0.124,1.4,1.36,2139.0,532.0,1.01,225.72,35.3,35.9,0.3334
SUS304,cbn,water_soluble,10,6,78.6,0.064,4.7,0.75,2502.0,958.0,3.39,538.55,233.2,135.8,0.1588
SUS304,hss,dry,16,4,100.8,0.058,2.26,5.72,2005.0,462.0,5.96,1183.68,6.6,4.7,0.1891
FC250,hss,dry,12,4,107.0,0.18,5.85,16.6,2838.0,2042.0,198.11,13332.17,6.2,6.3,0.315
SUS304,cermet,mql,12,4,85.9,0.132,0.85,0.62,2279.0,1204.0,0.63,110.7,99.5,47.5,0.1371
SKD11,cbn,water_soluble,12,3,88.5,0.075,1.39,1.02,2346.0,529.0,0.75,152.12,60.7,35.3,0.15
SKD11,carbide,dry,8,6,58.2,0.127,1.75,2.64,2315.0,1758.0,8.13,1677.42,107.4,50.0,0.1443
S45C,cbn,oil,10,6,192.2,0.13,7.79,5.23,6117.0,4763.0,194.04,10097.14,7.1,1.9,0.0808
S45C,cbn,water_soluble,20,6,166.1,0.218,9.16,14.05,2643.0,3457.0,444.89,53574.65,9.2,4.5,0.1401
SUS304,hss,water_soluble,20,2,114.8,0.102,0.99,1.68,1827.0,372.0,0.62,134.84,7.4,1.6,0.0744
FC250,hss,water_soluble,8,6,135.5,0.229,7.49,3.54,5391.0,7391.0,195.93,6941.61,5.3,2.1,0.1037
FC250,cermet,dry,10,3,112.2,0.261,3.48,8.83,3571.0,2791.0,85.78,4587.26,21.7,13.8,0.1773
A5052,hss,mql,25,3,153.3,0.065,12.85,20.68,1952.0,380.0,100.89,6582.32,19.4,15.9,0.22
S45C,cbn,dry,12,3,138.7,0.077,5.17,12.04,3679.0,846.0,52.66,4557.04,19.8,6.5,0.1137
S45C,carbide,water_soluble,8,4,237.3,0.087,9.72,27.66,9442.0,3275.0,880.97,29700.48,4.7,4.0,0.23
FC250,cbn,mql,10,4,137.2,0.256,3.08,2.12,4368.0,4467.0,29.11,1272.95,31.0,20.4,0.2033
SKD11,cermet,mql,6,6,39.6,0.138,0.32,0.69,2100.0,1736.0,0.38,86.27,459.6,198.0,0.1284
S45C,carbide,water_soluble,20,6,123.0,0.179,0.64,0.88,1957.0,2106.0,1.19,192.97,46.8,52.1,0.4484
A5052,cermet,water_soluble,12,2,424.7,0.14,2.4,5.02,11266.0,3155.0,37.98,429.23,6.9,6.3,0.2542
FC250,hss,mql,8,2,111.1,0.215,0.8,0.66,4422.0,1905.0,1.01,43.63,17.8,13.2,0.193
FC250,hss,dry,25,4,157.8,0.23,8.7,12.67,2010.0,1852.0,204.02,19389.35,5.5,5.9,0.3952
S45C,cermet,water_soluble,8,3,192.4,0.152,9.01,4.81,7656.0,3499.0,151.61,6303.42,4.6,1.1,0.0848
S45C,hss,dry,16,4,217.9,0.265,9.92,9.1,4334.0,4590.0,414.53,30442.33,4.6,2.8,0.1842
A5052,carbide,oil,20,4,165.2,0.457,8.15,18.12,2629.0,4804.0,709.63,34362.53,27.8,29.2,0.3465
SKD11,cbn,oil,8,3,66.0,0.068,1.77,3.69,2627.0,533.0,3.48,632.51,263.7,193.5,0.1847
SKD11,carbide,dry,20,3,99.2,0.047,2.19,4.03,1578.0,221.0,1.95,590.78,8.2,5.4,0.172
A5052,carbide,dry,16,6,344.2,0.24,8.7,9.86,6847.0,9872.0,847.13,15752.13,4.6,4.0,0.2507
FC250,cbn,mql,10,6,146.3,0.104,2.4,7.15,4657.0,2902.0,49.85,2044.26,39.8,38.1,0.3037
SKD11,carbide,oil,10,6,104.8,0.025,0.26,0.61,3335.0,508.0,0.08,11.75,31.4,34.6,0.4036
SUS304,carbide,oil,20,6,113.1,0.129,2.04,0.6,1799.0,1388.0,1.71,377.48,18.0,10.3,0.1769
FC250,carbide,dry,6,2,83.5,0.158,3.14,8.26,4432.0,1405.0,36.42,1569.43,67.6,19.8,0.0925
SUS304,cbn,water_soluble,8,4,133.5,0.182,4.17,1.74,5313.0,3865.0,28.0,2096.72,11.7,6.1,0.1553
S45C,carbide,dry,12,2,228.7,0.237,9.42,2.0,6066.0,2879.0,54.1,2839.0,4.8,2.2,0.1233
SUS304,cermet,oil,12,3,94.0,0.117,3.46,4.33,2494.0,876.0,13.12,2093.91,39.5,17.2,0.1332
SKD11,cbn,water_soluble,8,3,101.3,0.147,2.4,5.66,4029.0,1778.0,24.2,2867.74,13.6,6.6,0.1446
SUS304,cbn,oil,8,4,125.0,0.053,0.61,1.81,4972.0,1056.0,1.17,93.66,41.4,22.6,0.1359
A5052,hss,water_soluble,25,6,287.4,0.327,2.3,4.21,3660.0,7185.0,69.64,2422.74,4.9,5.7,0.5068
A5052,cermet,mql,20,2,252.7,0.065,12.33,13.79,4022.0,523.0,88.92,2815.13,19.8,19.6,0.2597
S45C,hss,dry,12,3,200.4,0.159,2.88,6.09,5315.0,2533.0,44.36,2656.69,4.7,3.8,0.2089
S45C,hss,water_soluble,6,6,142.6,0.063,7.75,16.5,7568.0,2883.0,368.6,15503.72,5.0,1.2,0.0791
SKD11,carbide,oil,25,3,53.4,0.043,0.28,0.81,680.0,88.0,0.02,13.95,453.4,211.0,0.1224
FC250,cbn,mql,16,6,160.7,0.051,9.86,26.02,3196.0,985.0,252.47,15084.96,23.7,10.5,0.1403
S45C,cermet,oil,20,3,227.3,0.18,9.94,0.84,3618.0,1952.0,16.27,1431.56,5.1,3.4,0.158
SKD11,cbn,mql,16,4,98.1,0.148,2.47,3.68,1953.0,1156.0,10.49,2566.12,15.4,10.1,0.176
SKD11,hss,dry,25,2,103.9,0.139,1.7,3.86,1323.0,368.0,2.41,871.12,5.1,4.6,0.2299
FC250,carbide,dry,20,3,140.4,0.274,9.4,22.85,2235.0,1834.0,393.75,33647.09,5.0,5.9,0.5033
FC250,hss,mql,12,4,149.4,0.115,9.13,1.07,3963.0,1820.0,17.78,856.85,5.2,5.0,0.2644
S45C,hss,dry,12,6,208.7,0.107,2.6,1.68,5537.0,3546.0,15.5,890.94,5.3,5.5,0.3132
SUS304,cbn,water_soluble,16,4,80.3,0.076,2.8,5.3,1597.0,483.0,7.17,1787.75,212.4,179.5,0.1967
FC250,cbn,water_soluble,20,4,161.0,0.208,4.89,8.39,2563.0,2136.0,87.63,6530.77,16.2,12.5,0.1886
S45C,hss,dry,6,6,184.1,0.074,7.67,0.96,9769.0,4311.0,31.77,1035.31,5.4,4.9,0.2088
SKD11,hss,dry,8,6,105.4,0.022,2.01,2.9,4192.0,554.0,3.23,367.87,4.6,3.0,0.1548
FC250,cermet,water_soluble,8,2,94.3,0.212,5.89,10.0,3752.0,1593.0,93.79,4773.76,66.6,74.0,0.414
SKD11,cermet,oil,16,3,110.5,0.135,2.59,6.65,2198.0,893.0,15.41,3347.32,4.9,3.3,0.1816
FC250,carbide,dry,12,2,107.5,0.108,9.06,22.76,2851.0,616.0,126.97,8504.49,22.4,13.3,0.1559
A5052,cermet,mql,6,3,386.1,0.232,6.96,18.3,20481.0,14259.0,1816.38,11292.07,4.5,2.0,0.1251
A5052,carbide,mql,10,6,416.9,0.242,9.59,21.06,13271.0,19298.0,3896.16,37379.64,5.0,2.9,0.1542
FC250,cbn,mql,16,6,91.6,0.053,4.52,2.95,1822.0,583.0,7.77,814.35,252.7,204.3,0.184
SKD11,cbn,dry,10,4,94.6,0.119,0.76,0.92,3010.0,1435.0,1.01,159.91,19.8,7.9,0.1099
SKD11,cermet,water_soluble,12,4,95.1,0.104,2.24,3.47,2522.0,1047.0,8.14,1541.67,17.5,14.6,0.2382
SKD11,hss,mql,25,4,93.0,0.085,0.67,1.56,1184.0,404.0,0.42,168.74,6.3,2.6,0.1306
SKD11,carbide,oil,12,2,93.6,0.123,0.74,0.95,2483.0,610.0,0.43,82.87,18.4,19.1,0.3371
FC250,carbide,dry,12,3,172.8,0.133,8.4,7.28,4583.0,1831.0,111.95,4665.45,4.7,3.2,0.1722
S45C,cbn,water_soluble,8,2,107.2,0.247,9.85,1.08,4266.0,2106.0,22.36,1668.64,56.6,3.7,0.0286
FC250,carbide,oil,6,6,108.3,0.274,2.25,1.83,5744.0,9431.0,38.88,1292.75,40.9,25.7,0.1806
A5052,hss,dry,20,3,164.7,0.262,6.27,6.18,2621.0,2060.0,79.82,3877.27,6.9,4.1,0.1867
SKD11,carbide,mql,20,6,33.7,0.096,0.34,0.81,537.0,309.0,0.08,74.5,508.5,299.1,0.158
SUS304,cermet,water_soluble,20,3,60.9,0.048,2.31,1.13,969.0,141.0,0.37,151.43,464.4,157.2,0.0863
SKD11,cbn,dry,12,3,61.9,0.127,2.39,4.13,1641.0,624.0,6.16,1793.01,132.7,117.9,0.2484
A5052,hss,oil,25,4,177.2,0.371,0.55,0.55,2256.0,3348.0,1.02,57.76,20.4,10.8,0.1373
S45C,carbide,dry,12,2,89.1,0.227,5.56,8.22,2364.0,1075.0,49.1,6612.05,37.2,9.3,0.0818
S45C,hss,oil,6,6,151.8,0.247,9.75,2.21,8054.0,11919.0,257.4,10172.66,4.8,3.6,0.1867
FC250,hss,water_soluble,8,3,90.7,0.223,2.08,5.02,3608.0,2419.0,25.25,1336.62,26.8,11.9,0.1399
SUS304,hss,water_soluble,20,3,64.2,0.15,4.55,6.22,1022.0,459.0,13.01,5065.44,54.9,32.9,0.1643
S45C,cbn,dry,20,3,98.2,0.255,4.64,1.47,1562.0,1197.0,8.16,1662.13,54.0,7.4,0.0559
A5052,cbn,mql,20,6,453.7,0.051,6.01,14.86,7221.0,2208.0,197.28,3478.54,8.9,6.8,0.1952
S45C,hss,water_soluble,8,2,111.1,0.083,6.12,11.8,4420.0,732.0,52.88,3807.75,12.2,11.8,0.2387
A5052,cermet,oil,20,2,239.0,0.438,13.45,6.23,3803.0,3331.0,279.13,9344.33,11.2,11.8,0.3967
SKD11,cbn,water_soluble,10,2,102.8,0.081,2.86,7.34,3274.0,531.0,11.15,1625.64,17.0,9.2,0.1548
S45C,hss,dry,8,4,183.5,0.15,6.63,8.16,7300.0,4376.0,236.77,10323.56,5.1,1.2,0.0703
S45C,cbn,mql,12,2,213.5,0.109,3.24,9.15,5663.0,1238.0,36.75,2065.97,5.9,1.5,0.0791
A5052,hss,mql,20,3,246.2,0.266,11.31,6.56,3918.0,3125.0,231.77,7532.47,4.8,4.6,0.2865
FC250,carbide,dry,8,3,98.3,0.071,6.6,9.6,3912.0,830.0,52.6,2567.59,42.3,15.3,0.1066
A5052,cermet,mql,20,4,438.0,0.469,9.54,10.16,6970.0,13076.0,1267.77,23157.62,4.8,3.9,0.2388
S45C,hss,oil,8,3,182.0,0.121,8.87,9.04,7243.0,2629.0,210.72,9261.02,4.8,1.7,0.1072
SKD11,carbide,mql,20,4,75.5,0.088,2.93,8.05,1201.0,424.0,9.99,3972.45,37.7,19.7,0.1389
A5052,hss,oil,10,3,350.2,0.434,12.19,4.4,11148.0,14510.0,778.06,8886.14,4.9,2.5,0.1198
A5052,cermet,dry,16,3,407.1,0.386,4.16,5.47,8100.0,9391.0,213.51,3356.26,5.1,1.5,0.1014
FC250,hss,water_soluble,16,4,118.6,0.112,0.59,0.8,2360.0,1054.0,0.49,39.74,24.9,5.8,0.0771
SKD11,hss,dry,6,4,84.1,0.123,0.8,0.63,4463.0,2190.0,1.1,117.67,5.5,5.3,0.2872
SKD11,cermet,mql,6,4,54.6,0.036,1.76,2.06,2897.0,415.0,1.5,247.51,514.7,148.7,0.0928
FC250,hss,dry,12,4,106.9,0.285,6.19,18.43,2835.0,3235.0,369.23,24875.74,4.6,4.8,0.3644
FC250,cbn,water_soluble,8,6,184.1,0.061,5.95,15.31,7325.0,2672.0,243.53,6349.33,17.7,17.1,0.2589
S45C,cbn,oil,12,2,175.7,0.17,1.49,2.94,4659.0,1582.0,6.94,474.07,16.0,17.5,0.3914
SKD11,cbn,water_soluble,20,4,56.7,0.041,1.42,2.01,902.0,147.0,0.42,221.76,508.3,225.2,0.1262
A5052,hss,oil,25,3,157.0,0.306,5.35,0.64,1999.0,1838.0,6.27,399.23,16.9,11.0,0.2017
FC250,carbide,mql,20,4,132.1,0.282,6.11,11.73,2102.0,2372.0,169.96,15440.39,11.5,5.5,0.1513
A5052,cermet,dry,25,6,465.6,0.107,12.44,12.59,5929.0,3818.0,598.11,12844.75,5.0,3.8,0.201
SUS304,cermet,water_soluble,12,4,82.1,0.068,4.43,6.66,2178.0,594.0,17.52,3199.98,107.8,83.1,0.2029
SKD11,cbn,oil,16,3,79.3,0.099,0.45,0.91,1578.0,470.0,0.19,58.85,116.4,92.7,0.235
SUS304,cbn,water_soluble,25,4,146.3,0.034,1.74,3.64,1863.0,254.0,1.61,344.18,18.4,20.6,0.4533
FC250,cermet,water_soluble,12,3,191.5,0.269,1.78,1.34,5079.0,4093.0,9.72,365.33,7.6,6.0,0.2323
SUS304,carbide,dry,25,6,121.4,0.039,2.6,4.72,1546.0,366.0,4.49,1155.0,10.5,4.5,0.1299
FC250,cermet,water_soluble,6,3,133.3,0.239,7.63,6.45,7070.0,5065.0,249.25,6732.74,19.0,11.4,0.184
FC250,hss,oil,10,3,162.5,0.168,4.86,14.35,5173.0,2600.0,181.25,6692.14,4.9,2.5,0.1617
FC250,carbide,mql,8,3,192.1,0.158,5.62,7.8,7645.0,3625.0,158.79,3966.61,5.0,1.2,0.0893
SUS304,cermet,water_soluble,20,4,92.3,0.141,1.52,0.78,1469.0,827.0,0.98,266.07,65.1,20.8,0.1033
S45C,cermet,mql,25,6,82.4,0.243,8.81,16.43,1049.0,1529.0,221.39,67187.03,70.4,40.7,0.1793
S45C,carbide,dry,12,3,130.6,0.164,1.18,2.92,3465.0,1705.0,5.86,537.84,14.4,3.1,0.066
SKD11,carbide,dry,8,6,117.1,0.082,2.24,2.8,4660.0,2296.0,14.39,1474.61,4.9,1.8,0.1237
SKD11,cbn,mql,25,4,59.4,0.115,0.46,1.09,756.0,347.0,0.17,110.07,525.0,41.7,0.04
S45C,cermet,dry,16,6,81.9,0.111,6.95,5.2,1629.0,1081.0,39.07,7633.04,90.4,75.5,0.2062
FC250,cbn,dry,8,6,142.9,0.295,5.75,0.92,5687.0,10074.0,53.26,1788.56,12.9,12.5,0.3078
SKD11,cermet,dry,12,2,73.8,0.049,0.75,0.79,1957.0,193.0,0.11,27.64,75.2,48.0,0.1694
A5052,hss,dry,8,6,441.2,0.129,7.97,6.63,17553.0,13546.0,715.68,5191.22,4.8,4.5,0.2302
S45C,hss,oil,16,2,111.1,0.238,3.72,8.07,2209.0,1050.0,31.53,4543.31,9.2,8.4,0.2224
FC250,cbn,water_soluble,6,6,150.5,0.138,5.08,9.31,7985.0,6630.0,313.79,7505.53,28.5,15.4,0.1355
SKD11,cermet,dry,10,2,101.5,0.046,2.89,4.6,3230.0,299.0,3.97,586.77,8.6,7.8,0.2032
S45C,cermet,mql,16,6,201.7,0.136,7.97,8.44,4014.0,3278.0,220.51,17488.37,4.6,1.8,0.1072
FC250,hss,water_soluble,8,4,91.6,0.138,8.45,2.16,3646.0,2010.0,36.71,1922.92,25.8,3.7,0.0514
FC250,cermet,oil,10,3,144.7,0.244,3.55,4.12,4607.0,3374.0,49.37,2046.61,14.9,17.1,0.4925
SKD11,carbide,dry,12,3,95.0,0.107,0.58,1.0,2519.0,806.0,0.47,88.39,12.6,10.2,0.2109
S45C,cbn,water_soluble,10,2,224.8,0.181,2.67,1.42,7156.0,2591.0,9.81,436.36,5.0,3.5,0.2144
SKD11,cbn,dry,16,3,33.5,0.072,2.44,4.06,666.0,144.0,1.43,1023.88,459.7,40.6,0.0418
SUS304,hss,mql,16,6,55.4,0.115,2.06,4.06,1101.0,761.0,6.37,2301.64,155.4,20.4,0.0565
FC250,cbn,mql,6,3,152.7,0.287,3.73,1.65,8103.0,6986.0,43.06,1015.02,17.7,20.6,0.4394
SKD11,cermet,oil,25,6,106.1,0.081,2.24,6.7,1351.0,660.0,9.89,3493.26,9.2,8.4,0.2221
SKD11,cermet,mql,12,3,39.0,0.141,1.25,0.76,1035.0,438.0,0.42,192.48,510.0,154.6,0.0983
A5052,cermet,dry,8,3,232.1,0.379,4.23,2.63,9233.0,10504.0,116.86,1611.47,11.3,7.1,0.17
S45C,carbide,oil,6,3,116.7,0.082,3.47,5.59,6192.0,1522.0,29.54,1518.42,43.7,34.7,0.2157
SKD11,carbide,dry,16,3,88.3,0.141,0.63,0.75,1756.0,742.0,0.35,95.37,16.2,6.4,0.1064
A5052,cermet,dry,8,3,187.2,0.273,9.33,8.06,7450.0,6098.0,458.74,7840.17,17.1,1.2,0.0313
FC250,carbide,oil,16,6,180.1,0.155,5.98,15.73,3584.0,3334.0,313.77,16721.76,5.6,2.2,0.1232
SKD11,cbn,oil,8,2,111.4,0.046,0.27,0.51,4432.0,406.0,0.06,6.02,33.8,13.3,0.108
S45C,hss,mql,25,6,220.4,0.138,9.11,26.83,2806.0,2322.0,567.17,64340.35,4.8,3.6,0.1799
S45C,cbn,mql,12,3,226.0,0.151,7.17,12.21,5995.0,2714.0,237.63,12618.01,4.8,3.5,0.192
A5052,hss,oil,8,3,208.1,0.117,8.87,17.66,8278.0,2913.0,455.94,7012.5,7.5,8.5,0.4387
FC250,cermet,oil,8,6,133.8,0.284,7.5,10.57,5323.0,9082.0,719.95,25832.54,14.7,10.9,0.2177
SKD11,hss,oil,6,2,92.1,0.138,0.57,1.18,4886.0,1346.0,0.9,88.23,6.7,1.5,0.0781
FC250,carbide,water_soluble,25,3,180.3,0.239,7.65,12.13,2295.0,1644.0,152.64,12699.91,5.1,5.7,0.4425
A5052,cbn,mql,10,3,168.3,0.477,9.8,25.85,5358.0,7665.0,1941.99,46149.31,39.1,24.5,0.1783
SUS304,carbide,mql,8,2,96.6,0.176,2.75,2.0,3845.0,1356.0,7.47,772.75,28.5,24.3,0.1868
FC250,carbide,dry,6,3,164.7,0.058,8.5,12.15,8740.0,1534.0,158.5,3463.45,7.2,4.7,0.1602
A5052,carbide,oil,12,6,404.9,0.409,14.21,18.45,10741.0,26386.0,6915.81,81983.33,4.6,5.3,0.5764
SKD11,cermet,water_soluble,25,6,63.2,0.113,0.31,0.67,804.0,544.0,0.11,67.59,282.2,7.9,0.0112
S45C,carbide,oil,16,3,102.5,0.199,4.77,6.33,2038.0,1216.0,36.71,5732.82,41.9,38.2,0.2088
SKD11,hss,mql,20,3,33.0,0.032,0.34,0.67,525.0,50.0,0.01,10.34,503.2,81.0,0.0667
A5052,hss,oil,25,3,305.3,0.408,0.69,1.36,3887.0,4755.0,4.49,147.11,4.7,1.3,0.0768
S45C,carbide,mql,25,6,154.8,0.168,7.81,2.91,1971.0,1981.0,45.08,7280.37,7.4,6.8,0.2625
A5052,cbn,mql,12,3,485.3,0.315,0.66,0.59,12873.0,12158.0,4.72,46.72,6.4,1.3,0.0666
A5052,cbn,water_soluble,10,3,426.3,0.29,4.74,9.49,13568.0,11786.0,530.18,4975.13,6.1,7.1,0.4765
FC250,carbide,dry,12,2,191.4,0.182,7.66,10.38,5077.0,1850.0,147.07,5532.85,4.7,2.7,0.1643
SKD11,cbn,oil,6,3,87.7,0.104,2.73,4.4,4655.0,1448.0,17.38,1782.36,39.0,35.0,0.2626
FC250,carbide,oil,20,4,110.7,0.215,3.96,9.45,1762.0,1517.0,56.82,6158.12,30.2,8.2,0.0748
S45C,hss,water_soluble,12,4,138.9,0.266,8.62,1.07,3686.0,3916.0,35.94,3103.73,4.9,3.0,0.184
SKD11,cbn,mql,25,3,46.2,0.106,2.08,1.95,588.0,187.0,0.76,616.99,533.5,228.8,0.1162
S45C,carbide,mql,25,6,162.6,0.071,8.51,18.48,2070.0,888.0,139.64,21471.99,7.7,8.8,0.4719
A5052,hss,dry,16,4,374.7,0.064,11.0,27.21,7455.0,1904.0,569.72,9729.9,5.1,4.4,0.2536
SUS304,hss,mql,16,6,114.0,0.133,1.02,1.03,2268.0,1814.0,1.91,334.75,5.1,2.4,0.1435
A5052,carbide,oil,6,3,255.6,0.281,9.5,23.46,13562.0,11417.0,2544.97,23892.3,9.7,1.1,0.047
S45C,carbide,mql,25,2,235.0,0.299,2.22,0.74,2992.0,1792.0,2.92,311.02,5.3,2.6,0.1177
SKD11,hss,dry,25,3,113.9,0.057,1.4,0.88,1450.0,249.0,0.3,100.14,5.2,2.4,0.1232
A5052,hss,water_soluble,16,4,372.8,0.227,4.83,9.69,7416.0,6741.0,315.36,5414.48,5.1,1.2,0.0745
A5052,hss,oil,10,6,384.8,0.059,7.78,13.94,12250.0,4314.0,467.65,4860.79,4.7,4.6,0.2778
SKD11,cbn,oil,6,6,61.2,0.097,2.92,8.62,3246.0,1898.0,47.73,7020.18,230.7,249.5,0.3961
S45C,cermet,mql,12,4,232.3,0.119,3.09,3.16,6162.0,2925.0,28.58,1476.27,4.9,4.6,0.2757
A5052,carbide,oil,12,4,372.8,0.447,8.23,18.86,9888.0,17668.0,2740.81,35290.81,4.6,1.6,0.0984
A5052,cbn,dry,12,6,435.9,0.393,4.31,3.55,11562.0,27235.0,415.89,4580.05,4.5,4.9,0.3543
FC250,hss,oil,16,4,132.8,0.227,6.08,6.14,2643.0,2397.0,89.58,6473.69,5.4,2.4,0.1188
S45C,carbide,mql,8,6,192.9,0.104,4.61,3.14,7677.0,4768.0,68.96,2859.54,4.6,1.1,0.0674
SUS304,carbide,dry,16,6,148.8,0.11,4.07,9.13,2960.0,1962.0,72.93,9804.74,4.6,1.6,0.1169
A5052,carbide,dry,8,4,309.2,0.21,14.23,18.29,12304.0,10349.0,2693.47,27872.27,4.7,1.2,0.0931
SUS304,cbn,mql,6,3,64.8,0.16,0.62,1.63,3440.0,1653.0,1.67,193.32,518.9,277.2,0.1403
FC250,hss,oil,8,3,117.5,0.095,8.66,10.78,4676.0,1326.0,123.91,5061.16,8.7,4.6,0.1628
FC250,cbn,water_soluble,16,2,93.9,0.159,8.5,15.42,1867.0,596.0,78.1,7989.07,106.4,123.1,0.4833
A5052,cermet,dry,20,3,196.7,0.1,13.87,22.66,3130.0,937.0,294.39,11974.08,20.6,11.2,0.1608
A5052,cbn,mql,8,6,405.2,0.239,14.73,10.81,16121.0,23103.0,3678.6,29054.35,5.4,2.3,0.1337
SUS304,cermet,dry,8,6,77.3,0.062,4.45,9.6,3074.0,1152.0,49.18,6365.43,76.2,29.3,0.1082
A5052,hss,water_soluble,25,4,272.4,0.191,9.17,12.29,3469.0,2650.0,298.67,10963.68,4.9,4.0,0.1987
SKD11,carbide,oil,12,2,100.9,0.053,2.34,4.98,2677.0,284.0,3.31,589.6,12.2,3.0,0.0784
SUS304,carbide,oil,6,4,55.3,0.174,3.26,5.03,2936.0,2044.0,33.53,4544.47,440.1,89.8,0.0756
S45C,carbide,water_soluble,12,2,94.9,0.221,6.01,10.93,2518.0,1112.0,73.11,9241.05,47.5,43.7,0.2247
A5052,cermet,oil,12,2,441.0,0.214,1.95,4.11,11697.0,5013.0,40.24,438.05,5.0,2.0,0.1186
SKD11,hss,water_soluble,12,3,103.6,0.086,1.59,4.47,2747.0,709.0,5.03,874.4,5.3,2.6,0.1385
SUS304,cbn,mql,10,4,113.3,0.124,3.62,4.82,3607.0,1792.0,31.22,3444.07,25.9,6.2,0.0811
S45C,carbide,dry,8,2,247.6,0.075,4.53,4.52,9852.0,1481.0,30.27,977.98,5.4,2.3,0.1068
S45C,cermet,water_soluble,8,6,127.5,0.283,6.99,5.87,5072.0,8609.0,353.54,22185.56,17.5,9.0,0.1572
FC250,carbide,water_soluble,25,6,132.0,0.226,2.24,4.28,1680.0,2276.0,21.8,2477.58,22.6,22.7,0.3114
FC250,cbn,oil,10,3,88.5,0.186,8.95,18.3,2818.0,1568.0,256.76,17403.83,118.2,133.9,0.4892
SKD11,cbn,water_soluble,16,4,67.4,0.122,1.73,3.06,1341.0,656.0,3.48,1237.24,181.3,59.6,0.1138
S45C,carbide,mql,8,3,135.1,0.179,8.86,9.76,5374.0,2878.0,248.85,14739.82,11.2,7.1,0.1705
A5052,cbn,oil,10,4,475.9,0.213,6.26,3.68,15148.0,12885.0,296.65,2493.42,5.3,5.3,0.3369
SUS304,cermet,mql,8,3,51.8,0.067,0.63,1.29,2061.0,413.0,0.33,64.26,461.1,251.7,0.1526
S45C,carbide,dry,10,3,96.2,0.08,7.94,8.66,3062.0,733.0,50.45,5245.03,38.5,30.2,0.209
SUS304,carbide,dry,6,6,60.2,0.042,2.47,2.59,3194.0,813.0,5.2,647.63,333.0,37.4,0.0532
S45C,carbide,dry,16,6,195.5,0.202,5.87,15.22,3888.0,4706.0,420.16,34394.9,4.6,4.9,0.3428
A5052,carbide,oil,6,6,179.6,0.071,2.11,2.5,9529.0,4055.0,21.4,285.95,84.5,90.1,0.4046
S45C,cermet,mql,8,3,128.7,0.245,1.94,3.94,5122.0,3770.0,28.84,1792.47,22.5,22.1,0.2509
SUS304,cbn,mql,25,2,121.5,0.139,3.42,4.54,1547.0,429.0,6.67,1714.75,17.4,14.5,0.2107
SKD11,hss,dry,8,2,73.2,0.126,2.32,2.22,2911.0,731.0,3.77,618.96,9.1,3.6,0.1279
S45C,cbn,mql,20,4,217.0,0.144,7.99,8.75,3453.0,1994.0,139.48,12858.12,4.5,2.7,0.1821
SUS304,carbide,oil,20,4,147.0,0.034,3.99,4.19,2339.0,320.0,5.36,911.88,7.3,2.1,0.0902
S45C,cermet,dry,6,6,88.5,0.079,1.18,2.81,4694.0,2222.0,7.35,498.29,129.4,91.0,0.175
A5052,hss,water_soluble,8,2,157.9,0.435,10.57,23.16,6282.0,5470.0,1338.81,27137.1,8.2,8.2,0.3084
A5052,hss,dry,8,4,158.5,0.222,8.13,16.71,6305.0,5606.0,761.95,15386.79,6.9,3.8,0.1504
SUS304,carbide,dry,6,4,92.9,0.039,1.09,1.77,4930.0,774.0,1.49,120.43,55.7,36.4,0.1964
SUS304,carbide,oil,10,4,128.2,0.09,3.0,7.58,4080.0,1475.0,33.53,3270.43,7.7,3.8,0.1225
S45C,carbide,water_soluble,10,3,147.5,0.154,2.14,1.18,4694.0,2169.0,5.49,372.35,16.1,2.5,0.0643
S45C,hss,dry,6,4,128.0,0.253,1.62,3.81,6789.0,6877.0,42.54,1994.47,4.9,4.6,0.2262
SKD11,cermet,dry,12,4,113.5,0.054,1.14,1.85,3011.0,650.0,1.37,217.1,6.3,1.6,0.0719
S45C,cbn,oil,12,3,174.7,0.215,3.66,4.51,4634.0,2993.0,49.37,3391.64,9.3,3.6,0.1024
A5052,carbide,dry,25,3,391.3,0.234,3.49,4.51,4983.0,3498.0,55.09,1407.75,5.2,2.3,0.1196
SUS304,hss,water_soluble,16,2,126.1,0.04,0.39,1.15,2508.0,202.0,0.09,14.25,10.2,7.3,0.1771
A5052,hss,mql,12,2,223.1,0.188,7.39,10.24,5918.0,2226.0,168.42,3623.57,5.1,4.3,0.2278
A5052,cermet,mql,16,3,357.1,0.19,14.92,1.63,7104.0,4043.0,98.33,1762.43,5.4,1.3,0.0889
S45C,cermet,dry,6,6,225.9,0.234,2.55,3.35,11982.0,16836.0,143.86,3821.54,5.3,5.5,0.378
S45C,cermet,water_soluble,6,6,92.6,0.254,8.75,16.97,4915.0,7495.0,1112.78,72065.57,54.8,46.8,0.2419
FC250,carbide,mql,25,3,81.0,0.078,2.78,2.23,1031.0,240.0,1.49,275.26,179.6,10.1,0.0228
FC250,cbn,oil,16,6,116.6,0.294,7.19,15.51,2320.0,4091.0,456.28,37556.68,39.1,34.9,0.2408
FC250,carbide,water_soluble,6,6,181.6,0.218,7.46,13.35,9632.0,12572.0,1252.68,24839.35,5.3,1.4,0.0867
SKD11,cermet,water_soluble,12,3,45.9,0.067,1.25,3.71,1219.0,246.0,1.14,445.93,461.5,218.1,0.115
FC250,cbn,dry,12,6,196.0,0.125,7.69,10.29,5200.0,3901.0,308.63,11335.5,5.6,2.3,0.1113
FC250,cermet,dry,25,2,91.1,0.158,6.07,16.62,1160.0,365.0,36.88,6072.47,47.9,8.4,0.0578
SUS304,hss,oil,25,4,96.2,0.2,4.24,9.55,1225.0,979.0,39.66,12886.93,6.5,6.8,0.3117
SUS304,cermet,water_soluble,12,4,138.7,0.144,4.92,1.4,3678.0,2119.0,14.56,1575.11,6.2,3.0,0.156
SKD11,hss,dry,20,3,80.7,0.036,1.69,2.13,1285.0,137.0,0.49,183.51,11.1,12.2,0.3534
SKD11,carbide,dry,16,3,119.0,0.098,2.4,5.37,2367.0,698.0,8.99,1812.93,5.2,3.4,0.1733
SUS304,cermet,dry,6,3,132.6,0.189,4.07,5.5,7033.0,3993.0,89.52,5064.81,5.4,3.7,0.1671
SKD11,cermet,mql,6,3,40.7,0.13,2.88,8.31,2159.0,845.0,20.26,4480.47,514.5,180.3,0.0994
A5052,cermet,water_soluble,12,4,324.7,0.202,4.79,1.43,8614.0,6947.0,47.56,703.07,10.8,2.5,0.0653
SUS304,carbide,water_soluble,12,3,59.6,0.098,4.8,14.34,1581.0,466.0,32.09,8076.83,315.5,31.5,0.0437
SKD11,carbide,mql,10,2,48.3,0.14,2.76,8.2,1537.0,429.0,9.72,3018.34,410.7,74.2,0.0706
SKD11,hss,mql,25,2,58.6,0.043,0.49,1.21,746.0,64.0,0.04,24.13,129.1,132.8,0.3373
SUS304,cbn,water_soluble,16,6,106.6,0.043,1.06,1.55,2120.0,549.0,0.9,169.49,103.9,88.1,0.2404
SUS304,hss,dry,25,2,62.9,0.071,4.34,12.08,801.0,113.0,5.94,2949.79,49.0,16.8,0.1035
SKD11,hss,oil,10,6,91.5,0.023,0.53,1.42,2914.0,395.0,0.3,48.51,15.8,2.6,0.0636
SUS304,cermet,mql,16,6,65.8,0.053,3.07,8.32,1309.0,419.0,10.69,3250.33,338.7,127.2,0.1139
SKD11,hss,water_soluble,10,2,38.5,0.062,1.28,2.59,1227.0,151.0,0.5,195.72,536.1,134.8,0.0908
SKD11,carbide,water_soluble,20,2,89.7,0.04,0.49,1.05,1428.0,113.0,0.06,19.54,51.1,59.4,0.5387
S45C,cbn,dry,16,3,241.0,0.075,1.98,5.72,4794.0,1080.0,12.22,811.13,5.5,1.0,0.0729
SUS304,hss,oil,25,3,81.7,0.141,0.68,0.87,1040.0,441.0,0.26,99.21,35.4,39.5,0.4248
SUS304,cermet,water_soluble,8,3,129.2,0.05,4.66,11.57,5139.0,765.0,41.22,3191.73,13.0,4.8,0.0996
A5052,carbide,oil,16,2,470.5,0.198,10.73,20.43,9359.0,3707.0,812.77,11056.7,4.8,3.4,0.1993
SUS304,cermet,mql,6,6,94.8,0.083,2.66,3.03,5029.0,2492.0,20.12,1592.05,49.9,52.6,0.3606
FC250,cermet,mql,25,6,170.3,0.102,2.37,4.75,2168.0,1330.0,14.95,1317.28,14.7,1.4,0.0443
A5052,cermet,water_soluble,8,4,494.1,0.414,2.82,2.71,19661.0,32543.0,248.65,1610.28,5.2,4.9,0.2843
A5052,cermet,water_soluble,10,3,229.2,0.058,8.84,6.02,7296.0,1265.0,67.34,1175.25,36.1,9.0,0.0691
A5052,cermet,mql,25,3,492.0,0.439,5.18,7.48,6265.0,8242.0,319.66,6496.6,4.6,5.4,0.4848
FC250,cermet,dry,6,4,159.4,0.16,6.88,1.15,8458.0,5424.0,42.95,969.71,7.2,3.7,0.1281
A5052,carbide,dry,6,3,369.6,0.305,9.38,15.67,19608.0,17929.0,2635.0,17110.24,4.7,1.6,0.1139
SUS304,carbide,mql,16,3,84.5,0.088,4.53,1.15,1682.0,443.0,2.31,546.65,61.2,72.0,0.5746
A5052,cbn,dry,12,3,251.2,0.432,6.85,19.9,6665.0,8644.0,1177.55,22496.63,10.1,4.0,0.1251
S45C,hss,water_soluble,12,3,138.7,0.238,4.53,11.47,3680.0,2630.0,136.73,11828.1,4.8,4.9,0.2902
SUS304,cbn,dry,8,3,76.9,0.198,3.45,5.07,3061.0,1820.0,31.8,4133.97,81.2,27.5,0.0894
A5052,hss,mql,6,2,230.4,0.066,12.17,18.66,12224.0,1614.0,366.37,3816.12,6.4,4.0,0.1834
SKD11,carbide,mql,20,2,88.4,0.024,0.24,0.53,1406.0,67.0,0.01,2.89,77.1,85.5,0.3703
A5052,cermet,water_soluble,8,3,263.4,0.284,11.85,25.24,10481.0,8922.0,2667.7,32408.16,9.5,10.9,0.4363
SKD11,cermet,water_soluble,8,3,63.9,0.02,1.45,1.57,2543.0,154.0,0.35,65.64,371.4,104.9,0.0911
S45C,hss,mql,25,6,195.8,0.059,6.25,9.35,2493.0,890.0,52.03,6643.89,5.3,3.8,0.1952
SKD11,carbide,mql,25,2,94.3,0.111,1.92,3.18,1200.0,267.0,1.63,649.71,12.5,4.3,0.1153
S45C,carbide,dry,16,3,224.8,0.278,8.55,12.56,4473.0,3735.0,400.92,28529.59,5.5,3.8,0.167
SKD11,cermet,water_soluble,10,6,36.2,0.022,2.72,4.94,1151.0,149.0,2.01,832.1,521.8,80.2,0.0597
A5052,cbn,dry,6,3,372.3,0.249,7.62,15.76,19749.0,14770.0,1774.46,11440.16,4.8,1.4,0.0766
SUS304,carbide,oil,6,2,83.6,0.094,2.49,3.75,4436.0,838.0,7.82,701.51,75.3,56.0,0.2247
FC250,carbide,oil,16,2,88.1,0.058,6.25,11.8,1753.0,204.0,15.05,1639.6,128.0,7.0,0.0277
S45C,carbide,dry,10,6,229.6,0.178,1.28,2.56,7308.0,7791.0,25.6,1114.88,5.3,4.5,0.1964
SKD11,carbide,oil,25,4,101.8,0.097,1.08,2.04,1296.0,505.0,1.11,410.08,12.3,14.5,0.5199
SUS304,cbn,mql,25,3,124.0,0.106,0.62,0.73,1579.0,502.0,0.23,57.42,32.7,22.8,0.1672
S45C,carbide,mql,6,4,200.2,0.132,4.21,9.49,10622.0,5626.0,224.92,6740.5,5.4,4.6,0.1955
A5052,cermet,dry,6,3,296.2,0.181,11.59,23.04,15717.0,8549.0,2283.57,18499.82,4.6,1.1,0.0739
SUS304,carbide,water_soluble,10,3,138.9,0.066,4.91,10.5,4422.0,871.0,44.95,4044.88,6.0,6.9,0.4469
A5052,cermet,oil,12,6,270.6,0.332,13.7,8.58,7177.0,14278.0,1678.94,29784.26,8.7,2.6,0.0987
SUS304,cbn,oil,25,2,135.7,0.094,2.47,0.59,1728.0,324.0,0.47,107.99,15.5,17.0,0.4528
SKD11,hss,oil,25,3,82.9,0.046,2.41,5.78,1055.0,146.0,2.04,921.13,11.7,1.6,0.048
SUS304,hss,dry,8,4,67.8,0.147,4.2,5.45,2699.0,1587.0,36.39,5365.81,24.5,28.6,0.4932
A5052,carbide,water_soluble,16,2,452.6,0.08,9.93,4.02,9005.0,1444.0,57.6,814.45,4.6,5.1,0.4908
A5052,hss,water_soluble,8,2,264.5,0.292,3.57,8.78,10525.0,6140.0,192.27,2326.0,5.0,4.9,0.2799
FC250,cermet,dry,6,2,86.0,0.202,1.95,4.94,4564.0,1845.0,17.79,744.6,72.7,73.6,0.2685
SKD11,cbn,water_soluble,12,4,81.1,0.041,2.82,7.41,2152.0,357.0,7.46,1655.6,94.5,71.2,0.1701
SUS304,hss,water_soluble,6,2,100.1,0.113,2.44,1.9,5309.0,1202.0,5.6,419.37,10.0,11.5,0.4572
SUS304,cbn,mql,12,4,62.0,0.155,0.9,1.34,1644.0,1023.0,1.24,300.31,523.7,2.1,0.0017
SKD11,carbide,mql,10,4,87.4,0.06,1.71,1.38,2782.0,662.0,1.57,268.85,28.5,23.8,0.1883
FC250,cermet,mql,10,6,185.6,0.103,9.73,4.6,5908.0,3669.0,164.22,5308.44,6.1,4.7,0.2168
SKD11,carbide,water_soluble,20,2,93.1,0.142,2.06,2.01,1482.0,420.0,1.74,560.76,13.8,9.7,0.1874
A5052,cermet,dry,12,6,216.1,0.078,6.65,0.8,5731.0,2695.0,14.41,320.12,26.0,12.3,0.1525
SKD11,hss,dry,8,6,85.3,0.139,0.85,0.75,3394.0,2825.0,1.8,252.58,5.1,6.1,0.6001
SUS304,cermet,oil,10,6,129.1,0.11,2.97,7.15,4110.0,2701.0,57.29,5547.07,8.7,1.8,0.0753
A5052,carbide,mql,25,3,474.3,0.409,9.83,23.16,6039.0,7407.0,1686.03,35546.96,5.1,2.8,0.1424
FC250,cermet,mql,10,3,164.7,0.22,3.28,3.58,5241.0,3460.0,40.62,1480.17,9.6,3.2,0.0971
SUS304,cbn,oil,20,4,88.4,0.033,2.45,0.67,1406.0,184.0,0.3,85.89,226.6,228.6,0.3156
SUS304,cbn,dry,8,2,70.7,0.087,0.93,0.67,2813.0,490.0,0.31,43.24,339.8,163.1,0.1453
FC250,cbn,mql,25,3,117.3,0.127,6.84,14.63,1494.0,567.0,56.74,7254.27,53.8,61.8,0.4402
A5052,hss,dry,10,3,280.9,0.172,4.81,5.52,8942.0,4606.0,122.13,1738.96,5.3,1.4,0.0923
FC250,carbide,oil,16,3,121.0,0.166,9.01,7.73,2407.0,1200.0,83.65,6636.55,22.9,27.0,0.5027
S45C,cermet,water_soluble,16,2,191.1,0.063,3.48,1.98,3801.0,482.0,3.33,278.59,9.5,8.5,0.2133
FC250,carbide,mql,8,2,159.9,0.204,6.45,6.08,6360.0,2597.0,101.82,3057.28,7.9,3.6,0.1277
FC250,cbn,dry,8,3,130.1,0.181,1.59,4.73,5177.0,2817.0,21.19,781.72,33.5,23.8,0.2049
A5052,hss,mql,12,3,422.5,0.162,10.33,27.11,11207.0,5444.0,1525.39,17329.5,5.3,4.9,0.2113
S45C,cbn,water_soluble,10,2,164.1,0.128,5.29,2.98,5223.0,1334.0,21.05,1282.58,15.7,11.2,0.1666
A5052,carbide,dry,16,6,470.3,0.39,12.43,6.89,9356.0,21919.0,1875.5,25523.69,5.2,3.8,0.2033
SKD11,cermet,mql,6,4,87.5,0.07,1.39,0.78,4641.0,1307.0,1.41,145.41,35.0,19.0,0.1516
FC250,carbide,dry,6,6,136.1,0.194,4.16,2.02,7222.0,8404.0,70.41,1862.05,10.8,8.2,0.2256
FC250,cbn,mql,6,2,100.9,0.075,7.51,16.06,5353.0,804.0,97.05,3462.55,112.3,111.5,0.3008
S45C,cermet,dry,12,3,189.3,0.191,7.37,9.57,5021.0,2881.0,203.1,12875.29,4.5,3.1,0.1895
SKD11,hss,mql,12,2,74.1,0.024,0.38,0.84,1966.0,93.0,0.03,7.27,50.5,44.1,0.2423
SKD11,carbide,water_soluble,6,2,66.4,0.108,2.34,6.96,3521.0,762.0,12.41,1683.16,89.7,18.7,0.0642
SUS304,cermet,dry,10,6,68.0,0.078,2.44,2.48,2164.0,1019.0,6.16,1133.48,185.7,2.7,0.0067
FC250,hss,mql,20,6,166.3,0.269,4.63,7.67,2646.0,4271.0,151.87,10960.87,4.6,4.9,0.33
S45C,cbn,water_soluble,8,6,182.5,0.19,4.11,10.71,7261.0,8263.0,363.81,15947.84,9.2,2.5,0.0956
SKD11,hss,oil,25,2,95.6,0.117,1.31,1.22,1217.0,285.0,0.46,179.8,5.4,4.5,0.1917
FC250,cermet,mql,12,2,107.3,0.297,5.82,12.3,2847.0,1690.0,120.91,8112.14,28.3,5.6,0.0659
FC250,cbn,mql,8,4,138.6,0.115,7.67,16.74,5514.0,2530.0,324.8,11249.46,31.0,7.6,0.0859
A5052,cermet,oil,16,3,292.4,0.192,9.79,13.1,5816.0,3358.0,430.44,9422.98,9.7,9.3,0.2301
FC250,cbn,dry,6,2,87.0,0.19,1.3,3.58,4616.0,1755.0,8.21,339.48,145.8,128.8,0.1999
S45C,cermet,oil,8,2,132.0,0.104,3.61,6.99,5253.0,1097.0,27.68,1677.02,24.7,14.4,0.1462
SKD11,cbn,water_soluble,8,2,97.3,0.107,1.83,2.94,3873.0,826.0,4.44,547.83,27.4,8.9,0.0862
FC250,carbide,mql,16,6,83.4,0.084,2.15,0.82,1659.0,839.0,1.48,170.5,201.2,90.8,0.1421
SUS304,cermet,water_soluble,12,6,65.1,0.135,2.27,4.38,1726.0,1403.0,13.96,3218.03,306.9,188.7,0.188
S45C,cbn,oil,20,4,219.9,0.197,6.32,15.66,3500.0,2753.0,272.58,24790.92,4.7,1.9,0.126
SKD11,cermet,oil,6,4,40.9,0.102,0.2,0.5,2168.0,881.0,0.09,19.51,519.1,208.8,0.1138
SUS304,cermet,oil,6,2,79.3,0.06,4.02,11.55,4206.0,502.0,23.29,2203.04,133.3,131.9,0.2895
FC250,cbn,oil,20,4,147.0,0.065,7.11,1.6,2340.0,604.0,6.88,561.37,42.7,46.0,0.3387
A5052,hss,water_soluble,16,4,250.6,0.317,4.82,1.27,4985.0,6313.0,38.76,990.01,4.6,4.6,0.3373
S45C,hss,mql,12,2,150.4,0.203,2.53,2.56,3989.0,1624.0,10.53,840.05,5.5,2.8,0.1258
FC250,hss,dry,25,6,93.3,0.138,2.15,2.72,1188.0,984.0,5.75,924.84,16.9,13.6,0.2366
SUS304,cbn,mql,12,4,95.8,0.119,1.43,3.87,2542.0,1209.0,6.68,1045.82,81.2,53.3,0.2004
SKD11,cbn,oil,6,4,78.4,0.084,2.45,5.09,4158.0,1396.0,17.38,1995.11,74.7,31.0,0.1218
A5052,hss,mql,8,4,378.8,0.433,14.01,29.19,15072.0,26102.0,10673.52,90169.66,4.6,4.9,0.3461
SKD11,cbn,water_soluble,6,2,82.6,0.106,2.2,5.87,4384.0,934.0,12.03,1310.11,51.5,59.3,0.4774
S45C,cermet,dry,20,2,186.2,0.126,3.31,5.23,2963.0,745.0,12.92,1387.45,5.3,6.2,0.4405
SUS304,carbide,mql,8,4,125.1,0.054,0.77,1.52,4978.0,1074.0,1.25,100.13,20.2,12.3,0.1615
FC250,hss,water_soluble,25,3,184.9,0.272,0.6,1.66,2354.0,1920.0,1.93,156.51,4.5,4.8,0.39
SKD11,carbide,dry,12,2,101.2,0.096,2.07,2.36,2684.0,513.0,2.52,448.17,6.3,1.8,0.0968
A5052,cbn,dry,16,3,281.6,0.289,14.16,20.6,5601.0,4864.0,1418.58,32245.16,7.1,8.0,0.3982
FC250,cermet,oil,6,3,132.9,0.18,6.5,15.72,7049.0,3803.0,388.93,10538.13,19.7,13.1,0.1694
FC250,hss,dry,12,2,147.0,0.064,2.11,2.17,3898.0,500.0,2.29,112.23,5.4,1.1,0.075
FC250,carbide,mql,12,3,143.3,0.104,8.9,2.74,3802.0,1186.0,28.91,1451.81,16.0,12.2,0.1888
A5052,cbn,oil,25,6,192.0,0.377,8.76,14.26,2444.0,5524.0,690.19,35951.17,39.9,3.3,0.034
FC250,hss,oil,25,2,108.5,0.157,7.44,14.12,1381.0,432.0,45.43,6282.89,9.9,11.1,0.4803
FC250,carbide,water_soluble,6,3,166.4,0.09,6.51,1.5,8828.0,2389.0,23.31,504.21,13.8,3.7,0.0732
A5052,cermet,oil,25,6,270.4,0.459,14.2,0.68,3443.0,9474.0,91.59,3387.49,7.2,8.0,0.419
A5052,carbide,dry,8,6,477.2,0.12,0.99,2.95,18988.0,13659.0,39.92,267.67,5.1,4.1,0.2288
FC250,hss,dry,8,6,81.2,0.222,9.82,28.45,3231.0,4310.0,1203.45,71130.54,11.2,8.1,0.1984
FC250,hss,water_soluble,20,4,84.3,0.13,7.75,22.36,1342.0,700.0,121.32,17261.75,26.3,18.2,0.202
SUS304,cbn,mql,8,3,117.5,0.123,0.32,0.52,4677.0,1730.0,0.28,24.13,44.1,36.3,0.196
S45C,carbide,mql,25,2,124.3,0.238,3.97,8.8,1582.0,754.0,26.35,5301.75,16.1,10.9,0.2077
SKD11,cermet,mql,16,3,45.7,0.128,0.62,1.4,910.0,351.0,0.3,159.55,542.3,169.9,0.0904
SUS304,cbn,dry,20,6,120.5,0.095,1.46,2.73,1918.0,1098.0,4.37,907.58,16.6,3.9,0.0818
S45C,hss,water_soluble,16,2,182.2,0.202,5.82,16.03,3625.0,1468.0,137.05,12032.82,4.9,5.2,0.3306
FC250,hss,dry,12,4,112.6,0.295,3.07,6.53,2987.0,3523.0,70.61,4513.99,4.9,1.8,0.1089
SKD11,cbn,oil,12,3,60.9,0.146,2.15,2.88,1614.0,707.0,4.37,1293.37,252.4,51.8,0.0615
SKD11,carbide,dry,16,6,98.0,0.048,2.94,0.93,1949.0,560.0,1.53,375.85,9.0,9.1,0.3324
S45C,cermet,water_soluble,16,2,187.9,0.147,9.14,26.59,3739.0,1098.0,266.66,22701.45,4.7,3.5,0.17
S45C,cermet,oil,10,4,168.8,0.133,5.65,16.28,5372.0,2852.0,262.49,15554.77,7.3,1.3,0.0563
S45C,cbn,water_soluble,12,4,141.5,0.093,8.73,10.63,3754.0,1392.0,129.25,10960.82,29.8,14.1,0.1358
SUS304,hss,water_soluble,10,2,115.4,0.199,4.71,0.56,3673.0,1463.0,3.85,416.58,5.0,3.3,0.1715
A5052,cbn,dry,6,6,404.4,0.475,9.36,20.23,21452.0,61131.0,11572.71,68687.71,4.8,1.2,0.0693
SUS304,hss,oil,6,6,97.0,0.12,1.54,3.15,5147.0,3710.0,18.01,1392.16,11.2,10.5,0.227
S45C,carbide,dry,16,3,88.7,0.149,2.29,4.08,1765.0,788.0,7.37,1329.78,62.7,33.2,0.1414
S45C,hss,water_soluble,12,3,204.8,0.239,4.48,4.35,5433.0,3901.0,76.06,4456.18,4.6,1.2,0.0737
SUS304,carbide,water_soluble,20,4,83.6,0.041,2.28,3.0,1331.0,220.0,1.51,451.41,133.2,49.5,0.1047
FC250,carbide,oil,10,2,89.7,0.129,9.68,4.87,2856.0,738.0,34.77,2324.95,70.4,49.5,0.1649
S45C,cbn,oil,20,2,119.4,0.185,2.59,5.22,1900.0,705.0,9.52,1595.45,50.5,13.9,0.0953
FC250,hss,oil,25,2,138.4,0.102,2.39,6.78,1762.0,361.0,5.85,634.25,8.0,3.0,0.0987
SUS304,hss,water_soluble,12,3,93.9,0.07,2.24,4.94,2490.0,521.0,5.76,921.05,16.1,1.9,0.0476
SUS304,hss,water_soluble,12,3,70.7,0.104,3.34,3.09,1877.0,583.0,6.01,1275.23,55.0,62.0,0.454
S45C,hss,dry,20,4,137.7,0.159,6.51,2.81,2191.0,1394.0,25.46,3698.75,5.0,2.6,0.164
A5052,cbn,oil,25,6,224.0,0.17,1.88,2.28,2852.0,2902.0,12.39,553.29,58.6,29.7,0.1281
SUS304,carbide,dry,12,3,108.1,0.193,0.4,1.02,2868.0,1660.0,0.68,94.05,18.0,4.5,0.0757
S45C,cbn,dry,12,2,151.2,0.263,9.36,17.08,4010.0,2105.0,336.42,26706.7,7.0,2.3,0.0942
S45C,hss,dry,25,4,120.0,0.189,9.59,25.35,1528.0,1157.0,281.42,58627.07,5.2,3.4,0.1951
A5052,cermet,mql,25,6,150.5,0.196,3.69,10.76,1916.0,2250.0,89.33,5937.07,71.7,8.9,0.0509
S45C,carbide,dry,10,3,184.7,0.208,5.64,15.73,5879.0,3676.0,326.03,17653.21,5.0,2.5,0.1389
SKD11,cermet,water_soluble,16,3,75.0,0.033,0.75,1.34,1492.0,150.0,0.15,48.5,161.3,132.2,0.2007
S45C,hss,water_soluble,10,3,139.1,0.132,5.93,4.74,4427.0,1757.0,49.41,3552.57,5.3,3.5,0.1847
A5052,cermet,oil,16,2,452.1,0.238,11.29,25.76,8993.0,4272.0,1242.11,17585.12,4.9,2.7,0.1686
S45C,carbide,dry,6,6,247.3,0.256,5.77,5.47,13120.0,20153.0,635.82,15425.73,4.9,4.2,0.2172
A5052,cbn,water_soluble,25,3,375.5,0.059,11.01,1.55,4781.0,848.0,14.46,385.19,17.6,7.0,0.1066
SKD11,carbide,dry,20,3,108.6,0.024,2.71,5.47,1728.0,125.0,1.86,513.34,7.0,4.5,0.1922
FC250,hss,mql,25,3,146.7,0.264,2.71,6.65,1868.0,1481.0,26.69,2728.63,5.3,6.1,0.4466
SUS304,hss,dry,12,6,123.3,0.103,2.4,2.56,3271.0,2028.0,12.46,1515.51,4.7,3.9,0.1915
SUS304,cbn,mql,6,3,90.5,0.124,4.71,10.37,4799.0,1787.0,87.22,7231.79,67.9,30.8,0.1374
FC250,cbn,mql,6,3,159.1,0.141,4.97,4.34,8438.0,3578.0,77.18,1746.7,20.9,22.2,0.3331
S45C,cermet,water_soluble,16,3,188.3,0.247,7.15,4.81,3747.0,2776.0,95.34,8099.11,5.2,3.7,0.1994
S45C,cbn,water_soluble,10,3,238.7,0.105,8.45,17.64,7598.0,2394.0,356.6,14939.79,5.3,2.9,0.1607
S45C,hss,oil,20,2,114.7,0.276,3.12,4.23,1825.0,1006.0,13.29,2318.94,7.5,4.9,0.1656
S45C,carbide,mql,25,2,204.0,0.102,4.08,0.59,2598.0,529.0,1.28,157.26,5.3,3.5,0.1901
FC250,cermet,mql,25,3,151.5,0.273,2.13,2.98,1929.0,1582.0,10.07,996.64,12.5,2.6,0.0802
A5052,cbn,water_soluble,8,3,172.6,0.38,5.17,5.71,6869.0,7836.0,231.02,4281.97,66.6,5.1,0.0324
A5052,carbide,mql,6,6,237.7,0.2,7.33,1.08,12610.0,15149.0,119.48,1206.45,16.6,9.1,0.1674
A5052,hss,oil,20,4,182.8,0.401,14.88,16.17,2909.0,4672.0,1123.82,49181.32,4.9,3.1,0.1908
SKD11,hss,mql,20,3,92.0,0.133,0.29,0.66,1464.0,585.0,0.11,36.88,7.9,8.8,0.4703
S45C,cermet,mql,10,6,89.5,0.08,9.33,15.68,2849.0,1372.0,200.77,22428.56,87.4,62.6,0.1899
A5052,cbn,water_soluble,10,2,206.6,0.143,7.88,3.37,6575.0,1880.0,49.96,967.49,57.7,19.4,0.0981
A5052,hss,oil,12,4,479.9,0.352,10.67,4.11,12728.0,17918.0,784.92,7851.66,4.6,2.4,0.1682
S45C,cermet,water_soluble,8,4,146.9,0.126,4.88,4.06,5846.0,2939.0,58.15,3166.01,17.0,17.2,0.2918
S45C,hss,oil,12,2,89.1,0.281,6.79,18.11,2365.0,1329.0,163.35,21989.94,13.5,15.3,0.5148
SUS304,cermet,water_soluble,25,2,103.8,0.168,1.32,3.27,1322.0,444.0,1.91,575.87,29.9,27.5,0.2121
SUS304,cermet,water_soluble,25,2,85.6,0.132,2.91,3.83,1090.0,288.0,3.22,1175.35,69.2,38.4,0.1729
A5052,cermet,oil,12,4,401.4,0.326,4.64,9.27,10648.0,13865.0,596.67,7134.63,5.1,1.5,0.1049
FC250,cermet,water_soluble,6,6,96.0,0.101,7.78,7.25,5092.0,3088.0,174.25,6535.38,93.9,19.9,0.061
FC250,cbn,oil,20,4,196.7,0.065,1.98,1.07,3131.0,808.0,1.72,105.08,22.7,10.4,0.1125
SKD11,hss,water_soluble,25,2,47.9,0.081,1.58,0.58,609.0,99.0,0.09,70.84,250.4,205.4,0.1937
S45C,cbn,dry,16,6,130.7,0.237,9.91,29.71,2600.0,3691.0,1086.37,132987.11,12.4,14.7,0.5299
FC250,hss,mql,25,4,138.0,0.125,8.53,15.61,1756.0,875.0,116.46,12663.41,4.9,3.4,0.1605
FC250,cbn,dry,12,6,101.8,0.08,1.86,3.87,2700.0,1297.0,9.35,661.39,116.2,98.6,0.2001
SKD11,carbide,mql,8,6,76.1,0.082,2.01,3.58,3030.0,1488.0,10.67,1682.25,47.0,40.8,0.2302
SUS304,carbide,oil,6,6,146.8,0.055,4.4,4.11,7789.0,2547.0,46.12,2355.95,5.7,3.1,0.1453
A5052,cbn,mql,8,4,227.0,0.131,0.73,0.85,9033.0,4737.0,2.94,41.4,91.7,28.7,0.0831
SKD11,cermet,water_soluble,12,3,44.8,0.023,0.45,0.75,1187.0,83.0,0.03,11.28,505.9,112.6,0.0825
S45C,cbn,oil,16,2,161.9,0.224,1.0,1.83,3221.0,1445.0,2.63,260.39,20.5,10.2,0.1179
SUS304,cbn,water_soluble,8,4,94.9,0.092,4.98,8.74,3774.0,1386.0,60.27,6353.75,69.6,67.7,0.2646
SKD11,cbn,mql,25,6,115.1,0.113,2.28,3.66,1466.0,990.0,8.25,2687.5,7.0,5.1,0.1799
S45C,cbn,dry,6,2,239.3,0.05,9.0,8.74,12694.0,1277.0,100.34,2516.13,4.7,2.5,0.1327
FC250,hss,mql,20,6,90.2,0.166,7.61,5.45,1435.0,1430.0,59.28,7889.5,20.0,23.0,0.5522
S45C,cermet,water_soluble,16,3,134.1,0.289,8.0,17.51,2667.0,2314.0,323.88,38648.9,12.6,12.7,0.2756
SUS304,cbn,oil,25,3,128.5,0.123,3.5,9.87,1636.0,606.0,20.92,5085.45,13.0,7.6,0.1757
FC250,cermet,mql,8,3,89.5,0.119,2.86,2.4,3559.0,1273.0,8.75,469.3,129.9,51.8,0.1265
SUS304,cbn,mql,8,3,51.4,0.112,0.56,1.66,2044.0,686.0,0.64,124.76,536.1,147.0,0.0739
FC250,cbn,water_soluble,10,4,148.2,0.254,7.8,18.88,4717.0,4784.0,704.52,28525.89,19.4,10.0,0.1463
A5052,carbide,oil,20,6,474.2,0.147,4.21,4.1,7546.0,6659.0,114.85,1937.72,4.9,5.0,0.346
A5052,carbide,water_soluble,8,4,392.7,0.163,4.17,8.05,15625.0,10179.0,341.17,2780.08,5.5,5.7,0.399
FC250,hss,oil,25,4,197.3,0.199,8.58,0.72,2512.0,1997.0,12.41,943.38,5.1,3.0,0.1784
SKD11,carbide,dry,10,3,56.2,0.036,2.46,0.56,1790.0,193.0,0.27,71.41,264.6,94.3,0.1155
FC250,hss,mql,16,6,158.3,0.08,2.17,1.98,3150.0,1518.0,6.53,395.72,5.5,4.3,0.192
FC250,cbn,oil,25,6,102.5,0.273,0.57,1.49,1305.0,2136.0,1.81,265.59,160.3,129.6,0.2058
A5052,carbide,dry,6,3,312.2,0.382,2.36,3.87,16565.0,18977.0,173.02,1329.85,4.7,3.0,0.1521
SUS304,cermet,water_soluble,10,3,63.5,0.17,4.63,11.1,2023.0,1030.0,52.96,10417.39,223.9,161.8,0.1723
FC250,carbide,dry,25,2,185.1,0.181,4.38,4.41,2357.0,854.0,16.49,1336.42,4.8,5.2,0.4201
SKD11,carbide,water_soluble,25,2,31.3,0.138,0.32,0.65,398.0,110.0,0.02,27.77,514.3,264.8,0.1386
SKD11,cermet,water_soluble,10,6,111.7,0.054,0.99,1.52,3554.0,1158.0,1.73,232.76,12.6,10.4,0.2295
SUS304,hss,dry,8,2,117.0,0.032,1.26,2.74,4655.0,301.0,1.04,88.93,5.9,2.8,0.1494
SUS304,cermet,water_soluble,6,6,54.8,0.093,1.58,2.14,2909.0,1626.0,5.51,753.97,459.8,156.8,0.1085
SKD11,cermet,oil,10,2,63.9,0.14,0.3,0.85,2035.0,569.0,0.15,34.07,251.1,42.6,0.0629
FC250,carbide,mql,16,6,143.0,0.24,3.68,4.5,2844.0,4089.0,67.62,4540.9,11.7,2.4,0.0656
SUS304,carbide,oil,25,3,91.6,0.194,3.75,1.17,1166.0,679.0,2.97,1013.66,30.2,23.9,0.19
SUS304,hss,water_soluble,6,3,111.6,0.061,3.49,8.11,5922.0,1087.0,30.8,2069.43,6.7,2.7,0.1326
S45C,carbide,oil,25,6,120.6,0.279,1.24,1.88,1535.0,2574.0,6.01,1245.32,31.5,37.7,0.6081
FC250,carbide,water_soluble,6,2,165.8,0.069,9.21,20.63,8797.0,1209.0,229.67,4986.15,10.5,6.9,0.1684
FC250,carbide,oil,10,3,84.2,0.242,7.37,21.32,2680.0,1948.0,305.94,21801.55,67.3,42.5,0.1552
A5052,hss,oil,25,2,410.5,0.392,9.93,12.07,5226.0,4096.0,491.09,11964.45,4.5,4.4,0.2398
A5052,cermet,water_soluble,10,4,240.5,0.178,14.42,11.68,7655.0,5454.0,918.71,15281.38,15.1,3.0,0.0607
A5052,carbide,dry,12,2,220.5,0.17,1.55,1.97,5849.0,1993.0,6.11,132.97,21.3,6.2,0.0842
SUS304,cbn,mql,20,4,115.2,0.113,4.01,11.08,1833.0,827.0,36.79,7983.66,21.4,13.4,0.1929
SKD11,carbide,mql,25,3,96.3,0.11,1.14,0.8,1226.0,406.0,0.37,145.24,14.1,16.2,0.4712
SUS304,hss,oil,16,3,77.6,0.09,1.32,2.52,1544.0,415.0,1.38,356.03,45.5,1.8,0.0158
S45C,hss,mql,6,3,163.1,0.069,2.31,2.57,8651.0,1801.0,10.68,393.13,5.1,5.4,0.3281
SUS304,carbide,water_soluble,20,4,52.6,0.056,3.25,1.18,837.0,187.0,0.72,341.3,483.8,24.3,0.0205
SKD11,hss,mql,25,3,88.8,0.07,2.08,3.89,1131.0,237.0,1.92,811.29,6.7,4.4,0.1958
S45C,cermet,oil,25,6,223.0,0.087,8.97,12.37,2839.0,1474.0,163.53,18336.17,5.4,2.6,0.1238
S45C,hss,dry,8,2,172.7,0.095,3.8,10.65,6873.0,1305.0,52.85,2447.37,5.1,4.1,0.1842
A5052,hss,dry,8,3,304.7,0.333,2.63,7.66,12124.0,12108.0,243.92,2561.51,4.8,4.4,0.2519
SKD11,carbide,oil,12,3,78.7,0.144,1.3,1.92,2088.0,904.0,2.25,515.13,39.2,26.9,0.2093
S45C,carbide,dry,8,4,149.0,0.142,8.36,4.34,5930.0,3379.0,122.56,6579.27,5.6,1.1,0.0628
SUS304,cbn,mql,20,3,61.1,0.171,3.13,2.16,972.0,498.0,3.38,1383.34,478.2,97.7,0.0665
SKD11,cbn,water_soluble,25,4,45.8,0.038,0.55,1.02,583.0,89.0,0.05,41.44,463.3,293.8,0.1585
S45C,carbide,mql,20,2,191.7,0.12,0.77,1.26,3051.0,732.0,0.71,74.19,7.5,6.6,0.2134
FC250,cbn,oil,20,3,167.8,0.19,2.63,4.27,2671.0,1524.0,17.15,1226.03,19.4,2.3,0.0569
S45C,cermet,mql,8,4,81.7,0.112,1.49,3.55,3249.0,1454.0,7.68,752.66,232.2,232.1,0.3147
A5052,carbide,mql,8,4,385.8,0.224,10.4,26.97,15351.0,13761.0,3860.76,32021.49,5.4,1.1,0.0649
SKD11,cermet,mql,8,4,103.4,0.139,2.38,6.98,4114.0,2294.0,38.06,4416.95,6.4,4.5,0.2047
S45C,cbn,dry,25,4,182.4,0.295,3.97,5.72,2322.0,2738.0,62.18,8523.54,5.3,2.2,0.1372
FC250,carbide,dry,10,4,130.4,0.065,5.15,12.66,4151.0,1084.0,70.64,3249.98,15.9,3.8,0.0836
SKD11,carbide,dry,8,3,72.1,0.135,2.35,5.81,2870.0,1167.0,15.91,2646.14,28.9,16.4,0.1724
SKD11,carbide,water_soluble,10,3,33.5,0.144,0.33,0.93,1066.0,462.0,0.14,63.46,502.4,42.0,0.0383
FC250,carbide,mql,10,3,138.6,0.225,9.87,13.35,4412.0,2983.0,393.23,17020.32,9.7,6.8,0.1861
SUS304,carbide,water_soluble,16,3,120.5,0.085,3.01,5.56,2397.0,608.0,10.16,1687.05,12.9,12.0,0.2561
FC250,hss,mql,20,6,141.2,0.094,8.16,21.8,2247.0,1265.0,225.09,19132.93,4.7,1.4,0.0917
SKD11,cbn,oil,6,2,68.3,0.149,0.47,1.28,3622.0,1083.0,0.66,86.57,239.8,235.3,0.3194
FC250,hss,dry,10,3,113.3,0.258,1.41,0.91,3607.0,2791.0,3.59,190.2,8.3,7.5,0.2158
A5052,cbn,mql,16,2,275.5,0.255,0.91,1.36,5481.0,2793.0,3.43,79.63,36.6,31.0,0.2273
A5052,cbn,dry,25,2,409.9,0.161,3.86,11.02,5219.0,1684.0,71.54,1745.15,4.6,3.6,0.2192
A5052,hss,mql,20,4,450.9,0.4,4.06,9.46,7177.0,11484.0,440.66,7817.45,4.7,1.3,0.0938
A5052,cermet,oil,10,3,336.8,0.363,11.72,1.77,10720.0,11677.0,241.83,2872.32,4.6,3.0,0.169
SKD11,carbide,dry,12,2,43.1,0.044,0.77,0.93,1144.0,101.0,0.07,30.36,489.5,196.5,0.1139
A5052,hss,dry,12,3,477.1,0.371,1.03,1.48,12655.0,14095.0,21.6,217.32,5.5,3.1,0.169
S45C,cermet,water_soluble,16,6,143.2,0.124,1.95,1.24,2848.0,2123.0,5.12,572.01,23.6,7.6,0.0914
S45C,cermet,oil,10,4,163.7,0.275,2.31,6.82,5210.0,5723.0,90.08,5503.39,8.1,6.9,0.2218
SUS304,hss,dry,20,6,68.6,0.092,0.91,1.51,1092.0,602.0,0.83,300.97,52.7,6.9,0.051
SKD11,hss,dry,6,6,69.9,0.023,0.31,0.86,3710.0,509.0,0.14,17.67,51.0,57.9,0.4162
A5052,cermet,mql,10,6,419.4,0.483,11.8,26.31,13349.0,38679.0,12012.56,114579.94,4.7,4.8,0.3057
SKD11,hss,mql,25,6,90.6,0.06,0.3,0.87,1153.0,412.0,0.11,44.71,11.4,2.9,0.0892
S45C,cbn,mql,12,6,236.5,0.122,7.49,17.53,6272.0,4591.0,602.76,30588.49,5.1,1.1,0.0759
SKD11,cbn,dry,12,2,113.4,0.024,2.37,0.84,3008.0,145.0,0.29,45.93,12.1,1.9,0.0625
SUS304,cbn,water_soluble,25,6,93.2,0.051,0.67,1.53,1187.0,362.0,0.37,123.96,223.5,30.4,0.0553
SKD11,cermet,water_soluble,8,4,86.5,0.115,1.94,5.65,3444.0,1590.0,17.42,2415.35,28.5,18.9,0.1867
SUS304,carbide,mql,16,6,126.9,0.15,0.49,1.03,2525.0,2275.0,1.14,180.09,13.9,15.0,0.3354
A5052,hss,oil,10,2,165.0,0.127,6.77,7.56,5253.0,1333.0,68.31,1655.96,17.5,18.7,0.3459
SUS304,carbide,oil,20,4,90.0,0.182,2.63,4.53,1433.0,1043.0,12.44,3455.29,41.0,9.2,0.0735
FC250,carbide,dry,20,6,103.4,0.079,7.53,17.52,1646.0,776.0,102.39,11881.8,33.4,10.5,0.0824
A5052,cermet,water_soluble,20,2,448.2,0.332,13.87,1.55,7133.0,4731.0,102.03,1821.26,5.2,1.3,0.0798
FC250,hss,mql,16,6,142.9,0.279,9.75,8.03,2843.0,4754.0,372.29,25012.3,5.1,2.9,0.1363
A5052,carbide,mql,16,3,469.1,0.373,2.03,1.84,9333.0,10438.0,38.84,529.9,4.9,2.1,0.1156
A5052,carbide,water_soluble,25,3,286.7,0.395,6.96,7.55,3651.0,4323.0,227.03,7917.5,7.5,1.4,0.0659
S45C,carbide,dry,25,2,234.1,0.29,0.75,2.22,2981.0,1727.0,2.86,305.18,5.3,2.0,0.0943
FC250,hss,dry,12,2,100.4,0.174,4.98,14.3,2664.0,925.0,65.89,4724.67,8.6,9.8,0.5182
S45C,carbide,water_soluble,10,2,139.1,0.15,3.93,9.82,4428.0,1328.0,51.25,3683.69,15.1,17.8,0.4644
S45C,cbn,water_soluble,16,2,180.0,0.107,6.63,6.99,3580.0,769.0,35.63,3167.45,11.5,4.6,0.114
SUS304,cermet,mql,12,6,102.5,0.132,2.96,5.99,2719.0,2152.0,38.19,5589.61,22.4,20.7,0.2701
SUS304,hss,oil,16,6,94.3,0.124,0.84,1.32,1875.0,1393.0,1.55,328.16,15.4,9.2,0.1779
SUS304,hss,dry,12,6,118.0,0.075,2.31,2.98,3130.0,1403.0,9.65,1227.07,5.0,5.3,0.3363
S45C,carbide,mql,8,2,117.3,0.17,0.9,1.52,4669.0,1592.0,2.19,149.28,44.9,19.7,0.1433
SUS304,carbide,water_soluble,25,6,63.5,0.174,3.09,8.66,808.0,844.0,22.55,11100.74,225.4,178.3,0.19
A5052,carbide,water_soluble,6,4,288.8,0.496,2.76,2.47,15321.0,30391.0,207.53,1724.69,8.4,4.9,0.158
SUS304,hss,mql,10,3,117.7,0.149,2.82,7.54,3747.0,1671.0,35.53,3772.51,4.9,4.8,0.2813
SKD11,cbn,dry,20,2,91.1,0.038,1.44,1.75,1451.0,111.0,0.28,92.12,35.0,27.9,0.1854
FC250,cbn,mql,25,3,148.9,0.129,5.37,4.35,1896.0,733.0,17.11,1723.49,25.2,8.2,0.1052
SKD11,hss,mql,16,4,98.2,0.1,2.4,2.74,1954.0,784.0,5.17,1263.29,5.1,5.2,0.3249
S45C,hss,dry,12,4,198.6,0.169,8.44,17.34,5267.0,3560.0,521.02,31485.74,4.7,5.6,0.5981
S45C,cbn,dry,6,6,126.2,0.173,4.35,2.63,6697.0,6932.0,79.39,3773.18,26.2,27.1,0.3044
SUS304,cermet,dry,8,4,60.9,0.165,1.1,0.6,2421.0,1594.0,1.06,174.18,305.8,122.1,0.1285
SUS304,cbn,oil,25,4,118.3,0.082,2.93,8.23,1506.0,496.0,11.95,3156.35,24.1,19.9,0.2295
A5052,hss,mql,20,2,287.2,0.43,12.2,18.93,4572.0,3930.0,907.76,25281.43,4.8,1.6,0.1123
SUS304,cermet,oil,6,3,108.4,0.093,1.96,4.09,5753.0,1602.0,12.82,887.02,26.4,13.3,0.1526
A5052,carbide,water_soluble,6,6,342.7,0.188,8.24,3.75,18179.0,20537.0,634.65,4444.92,6.6,6.5,0.2765
SKD11,cermet,dry,20,2,61.9,0.053,2.76,7.14,985.0,104.0,2.05,992.1,118.6,132.5,0.4934
SKD11,hss,dry,16,6,116.8,0.095,0.62,0.93,2323.0,1318.0,0.76,156.24,5.0,1.9,0.0993
SUS304,carbide,water_soluble,25,2,109.4,0.167,2.31,1.23,1393.0,465.0,1.32,377.05,20.0,22.9,0.5266
A5052,carbide,oil,20,2,322.1,0.443,4.87,2.75,5126.0,4539.0,60.73,1508.3,5.4,4.9,0.2078
S45C,carbide,oil,16,3,83.0,0.151,9.3,10.18,1650.0,749.0,70.88,13670.95,92.2,22.8,0.0694
SKD11,hss,water_soluble,12,3,72.5,0.087,2.54,5.76,1923.0,501.0,7.33,1819.91,16.8,10.2,0.1821
SUS304,cbn,mql,12,3,112.6,0.095,0.93,1.38,2986.0,855.0,1.09,145.29,50.7,32.3,0.1737
S45C,cbn,water_soluble,12,2,141.8,0.207,6.9,4.76,3760.0,1560.0,51.21,4334.4,20.4,5.4,0.0813
S45C,carbide,oil,6,3,184.9,0.245,5.88,4.44,9808.0,7204.0,188.29,6110.79,5.1,1.7,0.0939
FC250,hss,oil,12,6,95.3,0.065,9.96,11.88,2527.0,992.0,117.35,8868.94,21.7,19.8,0.2197
FC250,cermet,water_soluble,12,3,80.2,0.127,3.15,4.02,2126.0,810.0,10.24,919.94,202.6,168.7,0.2207
SKD11,carbide,water_soluble,12,3,70.6,0.107,0.95,1.47,1872.0,601.0,0.84,214.5,96.7,108.1,0.468
SUS304,cermet,mql,8,2,72.4,0.091,1.38,2.61,2881.0,525.0,1.9,261.87,235.5,103.6,0.1435
A5052,cbn,mql,20,4,173.5,0.372,10.7,10.97,2762.0,4104.0,481.62,22204.83,46.3,28.5,0.1757
S45C,cermet,mql,8,3,116.2,0.148,3.52,2.02,4623.0,2048.0,14.58,1003.45,35.2,39.1,0.4578
A5052,cbn,dry,25,2,157.7,0.287,4.13,1.86,2009.0,1153.0,8.85,561.04,59.4,58.8,0.2835
SUS304,hss,dry,6,4,53.4,0.169,1.24,2.37,2834.0,1918.0,5.64,791.28,121.8,130.2,0.3653
FC250,cbn,dry,6,6,190.5,0.221,4.94,1.83,10104.0,13405.0,121.38,2294.26,5.3,1.4,0.0831
SUS304,carbide,water_soluble,6,4,141.9,0.097,0.63,0.98,7529.0,2924.0,1.79,94.48,10.2,1.3,0.0489
S45C,cermet,oil,25,3,85.6,0.067,2.95,5.04,1089.0,220.0,3.27,954.26,204.9,97.0,0.1178
SKD11,carbide,dry,16,4,59.1,0.086,2.09,3.89,1176.0,406.0,3.29,1336.87,114.7,70.9,0.1554
SUS304,hss,oil,20,3,62.8,0.104,0.9,1.6,999.0,310.0,0.45,177.58,132.7,12.3,0.0474
FC250,carbide,water_soluble,6,6,124.0,0.24,5.11,3.48,6580.0,9483.0,168.8,4899.65,21.9,4.5,0.08
S45C,carbide,oil,12,4,186.9,0.155,4.48,1.0,4959.0,3068.0,13.69,878.66,5.2,3.2,0.1858
SKD11,cbn,mql,25,4,103.0,0.108,0.88,1.64,1312.0,565.0,0.81,296.24,18.6,9.2,0.1495
A5052,carbide,water_soluble,16,6,294.0,0.321,15.0,15.04,5848.0,11273.0,2543.37,55372.88,5.0,1.2,0.0799
SKD11,cermet,water_soluble,20,4,62.5,0.039,1.13,1.82,995.0,155.0,0.32,152.7,354.7,164.3,0.144
S45C,cermet,mql,12,4,210.7,0.217,8.62,24.32,5590.0,4851.0,1016.92,57907.25,4.7,3.5,0.2285
A5052,hss,dry,16,6,428.8,0.228,2.73,7.13,8530.0,11690.0,227.35,3393.66,4.6,1.8,0.1061
A5052,cbn,mql,12,4,384.9,0.481,11.66,18.32,10209.0,19645.0,4196.0,52329.83,4.8,1.3,0.0735
A5052,carbide,mql,25,2,372.3,0.457,10.62,11.44,4740.0,4335.0,526.84,14151.5,5.4,1.6,0.0908
S45C,cbn,oil,16,4,191.2,0.172,3.98,7.88,3805.0,2616.0,82.07,6866.26,6.7,7.5,0.4471
A5052,hss,dry,25,4,180.1,0.075,13.23,29.21,2293.0,688.0,265.73,14752.87,7.5,1.1,0.0498
A5052,carbide,water_soluble,25,6,200.2,0.25,5.65,8.65,2548.0,3829.0,187.16,9350.36,26.9,3.6,0.0594
FC250,cermet,oil,8,2,83.8,0.163,8.72,4.37,3335.0,1086.0,41.41,2371.52,94.8,42.0,0.1289
FC250,hss,dry,6,4,163.0,0.057,6.37,3.12,8649.0,1981.0,39.34,868.6,5.4,2.2,0.1229
SUS304,hss,mql,25,2,54.3,0.088,0.66,1.08,692.0,122.0,0.09,50.27,311.7,115.7,0.0965
FC250,hss,oil,8,6,146.6,0.081,4.75,8.33,5832.0,2850.0,112.79,3694.04,5.4,1.4,0.0868
SKD11,carbide,dry,20,4,74.2,0.059,1.77,3.71,1181.0,281.0,1.84,743.88,45.0,22.2,0.1239
SKD11,hss,mql,10,3,77.4,0.037,1.53,2.78,2462.0,271.0,1.15,223.19,19.1,11.6,0.1634
SUS304,hss,water_soluble,20,2,132.7,0.144,4.5,1.24,2112.0,608.0,3.41,641.97,5.1,1.2,0.0767
S45C,cermet,oil,6,6,241.7,0.102,7.26,16.3,12820.0,7829.0,926.85,23012.51,5.4,6.3,0.4901
SKD11,hss,water_soluble,16,6,66.3,0.061,2.81,6.78,1320.0,484.0,9.24,3342.27,32.0,35.5,0.3721
S45C,carbide,dry,25,3,209.5,0.285,1.58,3.49,2667.0,2277.0,12.55,1497.25,5.5,2.2,0.1153
S45C,carbide,water_soluble,20,2,153.3,0.292,6.97,6.94,2440.0,1425.0,68.91,8991.07,6.1,1.8,0.09
A5052,carbide,mql,12,6,218.6,0.312,11.9,5.49,5798.0,10850.0,709.13,15571.63,13.1,5.5,0.1365
SUS304,cermet,mql,16,6,79.0,0.119,0.67,0.68,1571.0,1122.0,0.51,129.54,178.0,110.3,0.1428
SUS304,cermet,mql,16,3,65.6,0.161,3.68,0.98,1305.0,629.0,2.27,693.5,220.3,86.0,0.1244
S45C,carbide,mql,20,6,219.1,0.278,2.42,4.17,3487.0,5820.0,58.79,5367.01,4.5,2.8,0.1539
FC250,carbide,water_soluble,16,4,175.5,0.241,1.77,0.93,3491.0,3364.0,5.53,302.33,9.8,10.2,0.2982
SKD11,hss,dry,12,2,48.8,0.058,0.74,0.95,1296.0,150.0,0.11,39.07,185.2,90.8,0.1564
SUS304,cermet,dry,10,4,54.8,0.055,1.94,4.91,1743.0,384.0,3.66,835.8,468.7,186.3,0.1295
A5052,cermet,dry,16,2,491.8,0.483,14.7,23.89,9784.0,9447.0,3317.34,43171.93,5.5,4.0,0.1932
SKD11,cermet,water_soluble,20,2,53.5,0.124,0.96,0.58,851.0,211.0,0.12,65.79,469.7,227.6,0.1414
SUS304,hss,mql,16,3,86.3,0.189,2.96,1.58,1716.0,973.0,4.54,1051.77,13.7,13.9,0.3581
S45C,cermet,water_soluble,8,6,111.0,0.204,2.72,1.11,4418.0,5412.0,16.39,1180.51,51.2,22.9,0.1364
S45C,cermet,oil,16,3,185.9,0.089,3.89,2.48,3698.0,982.0,9.48,816.33,7.8,4.2,0.1417
S45C,hss,oil,6,6,206.2,0.224,8.96,19.4,10937.0,14702.0,2555.89,74387.2,4.8,5.0,0.353
A5052,hss,mql,25,4,234.6,0.361,1.44,4.19,2987.0,4316.0,26.16,1115.05,5.9,2.9,0.1444
S45C,carbide,water_soluble,8,3,191.2,0.069,6.23,17.45,7606.0,1575.0,171.34,7170.63,5.0,3.7,0.1783
A5052,hss,water_soluble,10,2,251.1,0.382,0.93,1.37,7994.0,6115.0,7.79,124.08,6.4,5.5,0.2082
FC250,cbn,mql,6,3,107.2,0.188,6.62,3.77,5689.0,3215.0,80.14,2690.03,66.5,5.5,0.0424
S45C,cbn,water_soluble,25,2,159.2,0.131,7.77,0.87,2027.0,533.0,3.62,567.58,16.6,14.4,0.2124
FC250,cbn,oil,10,4,166.4,0.258,4.25,7.42,5296.0,5475.0,172.69,6227.7,14.3,1.2,0.0376
SKD11,hss,dry,25,3,90.4,0.147,1.69,1.48,1151.0,509.0,1.27,526.87,5.0,3.7,0.1929
FC250,carbide,mql,20,2,89.9,0.261,0.6,1.62,1431.0,746.0,0.73,97.07,104.7,51.1,0.1236
SUS304,cermet,dry,10,2,78.0,0.172,3.33,4.27,2483.0,856.0,12.16,1948.05,56.9,15.7,0.0913
S45C,cermet,dry,10,2,82.3,0.261,9.45,18.75,2619.0,1366.0,242.05,29418.64,41.8,24.0,0.1751
S45C,carbide,dry,10,3,134.3,0.086,5.75,5.29,4274.0,1104.0,33.62,2503.58,11.3,10.9,0.2677
A5052,cbn,mql,6,3,203.5,0.43,3.34,9.37,10797.0,13933.0,435.95,5141.18,38.3,13.8,0.1005
A5052,hss,mql,10,4,193.5,0.072,8.56,1.02,6158.0,1785.0,15.62,322.98,12.8,6.7,0.145
SUS304,cermet,oil,12,3,129.1,0.136,2.39,1.11,3425.0,1402.0,3.74,434.15,9.2,1.8,0.0701
SUS304,cermet,oil,6,6,111.5,0.196,3.1,6.87,5916.0,6973.0,148.55,9991.59,12.6,12.3,0.2388
S45C,hss,dry,25,2,198.3,0.195,7.09,17.72,2525.0,985.0,123.73,15600.22,4.8,5.6,0.5685
FC250,hss,mql,20,4,147.9,0.109,9.89,15.11,2355.0,1031.0,154.16,12504.51,5.0,5.3,0.3168
SUS304,carbide,dry,6,4,120.3,0.161,2.07,5.7,6381.0,4101.0,48.41,3018.47,6.1,7.2,0.497
S45C,carbide,dry,25,3,222.2,0.064,7.87,14.69,2829.0,541.0,62.5,7031.7,5.0,1.4,0.0942
FC250,cermet,mql,25,2,160.7,0.172,1.35,1.87,2046.0,705.0,1.78,166.12,15.7,1.1,0.0292
FC250,cermet,oil,6,6,121.2,0.222,5.24,3.4,6429.0,8556.0,152.33,4525.0,27.6,13.5,0.1497
SKD11,cbn,water_soluble,10,4,35.2,0.131,2.89,6.12,1121.0,589.0,10.42,4437.77,543.9,199.2,0.1189
SUS304,cermet,water_soluble,25,2,105.8,0.164,4.38,1.83,1348.0,441.0,3.53,1041.69,21.9,1.9,0.0407
FC250,cermet,oil,12,6,124.9,0.166,6.29,0.62,3314.0,3299.0,12.84,740.21,29.6,30.2,0.3251
FC250,carbide,dry,25,6,127.1,0.117,9.85,25.32,1618.0,1137.0,283.69,33488.84,11.8,7.0,0.1471
FC250,carbide,dry,20,3,190.4,0.298,3.23,6.91,3030.0,2709.0,60.41,3807.74,5.0,4.3,0.2113
S45C,carbide,oil,16,2,121.4,0.056,8.18,12.31,2416.0,269.0,27.06,3564.89,28.4,3.1,0.0448
FC250,cbn,water_soluble,12,3,115.4,0.235,8.08,5.32,3062.0,2157.0,92.7,5782.34,49.5,11.9,0.0881
FC250,hss,oil,25,4,141.8,0.13,1.96,2.94,1805.0,942.0,5.45,576.42,7.7,4.6,0.1719
S45C,cermet,dry,6,3,162.0,0.062,5.25,4.34,8594.0,1609.0,36.66,1357.81,7.9,6.4,0.2328
FC250,carbide,water_soluble,8,4,134.7,0.069,0.62,1.33,5359.0,1478.0,1.22,43.49,61.6,1.3,0.0095
A5052,cermet,mql,20,4,195.3,0.429,11.33,6.45,3109.0,5339.0,389.87,15967.21,19.3,14.2,0.212
SUS304,cermet,dry,16,4,128.4,0.147,3.5,6.03,2554.0,1498.0,31.6,4922.85,5.2,2.4,0.1249
SUS304,carbide,dry,8,6,104.6,0.149,5.0,6.81,4163.0,3733.0,127.12,12149.84,9.8,9.7,0.3082
SKD11,cermet,dry,16,6,94.6,0.064,1.95,3.17,1883.0,721.0,4.45,1127.8,13.0,2.6,0.0691
SKD11,hss,mql,25,4,32.3,0.094,0.47,1.26,412.0,154.0,0.09,105.27,496.1,129.3,0.0928
SUS304,cbn,water_soluble,16,6,104.1,0.128,3.13,6.19,2070.0,1592.0,30.88,5934.51,43.0,2.9,0.0327
A5052,hss,oil,20,6,238.2,0.228,14.76,7.72,3791.0,5183.0,590.55,19836.35,4.8,1.5,0.0959
SUS304,carbide,dry,25,4,137.4,0.118,0.98,2.01,1749.0,825.0,1.63,369.7,5.4,3.2,0.154
S45C,carbide,water_soluble,8,2,143.7,0.297,3.37,3.17,5716.0,3400.0,36.31,2021.88,9.8,3.2,0.1003
A5052,hss,oil,6,6,416.5,0.405,13.99,3.98,22096.0,53699.0,2987.69,17215.68,5.4,2.0,0.1133
FC250,cermet,oil,20,4,114.9,0.197,6.25,2.72,1829.0,1439.0,24.48,2556.08,31.4,19.4,0.1768
S45C,hss,mql,20,4,158.0,0.285,1.52,4.36,2514.0,2863.0,18.96,2400.52,5.0,5.6,0.4297
SKD11,cermet,oil,12,6,83.6,0.087,0.3,0.75,2218.0,1155.0,0.26,55.52,73.5,60.8,0.2248
A5052,carbide,mql,6,4,174.9,0.465,1.24,2.04,9281.0,17261.0,43.68,599.22,40.5,11.3,0.0942
SUS304,hss,dry,16,3,88.3,0.111,3.12,5.56,1757.0,584.0,10.13,2294.51,9.2,10.5,0.4555
SUS304,hss,dry,6,6,120.5,0.145,3.18,1.82,6392.0,5577.0,32.26,2007.86,4.9,2.1,0.1063
FC250,cbn,water_soluble,12,6,159.8,0.291,1.95,5.79,4240.0,7395.0,83.68,3769.28,21.0,22.5,0.3973
S45C,hss,oil,10,6,173.8,0.066,1.79,1.38,5532.0,2191.0,5.44,313.03,5.1,3.8,0.1831
SUS304,cbn,oil,8,6,72.6,0.183,4.9,9.71,2890.0,3167.0,150.75,20751.89,177.0,8.0,0.0234
SUS304,cermet,dry,6,4,112.8,0.155,2.15,4.79,5983.0,3700.0,38.07,2531.67,10.5,4.9,0.123
SUS304,cbn,water_soluble,10,3,70.0,0.168,1.04,1.05,2228.0,1122.0,1.22,218.69,475.0,40.4,0.0339
SKD11,carbide,oil,25,6,103.9,0.043,2.16,0.66,1323.0,342.0,0.49,177.13,14.5,3.9,0.0794
FC250,carbide,oil,25,3,121.3,0.216,9.04,19.85,1545.0,1001.0,179.72,22219.78,17.0,18.6,0.3836
S45C,hss,dry,20,6,214.7,0.194,1.29,1.43,3418.0,3971.0,7.33,682.43,5.1,2.3,0.1125
SKD11,cermet,oil,25,4,74.8,0.052,2.13,5.75,953.0,198.0,2.42,1214.57,76.0,44.6,0.1718
A5052,cermet,oil,10,4,476.9,0.195,5.8,1.27,15179.0,11863.0,87.33,732.55,5.2,5.1,0.2472
SUS304,carbide,oil,8,4,99.4,0.1,1.49,2.09,3955.0,1577.0,4.89,491.61,36.5,13.8,0.1273
A5052,carbide,oil,12,3,287.3,0.248,12.06,3.26,7621.0,5660.0,222.62,3719.5,8.0,5.4,0.1546
A5052,hss,oil,8,6,162.3,0.343,8.26,11.65,6457.0,13293.0,1278.35,25207.63,9.9,4.9,0.142
FC250,carbide,mql,6,2,140.3,0.129,2.21,5.11,7445.0,1914.0,21.65,555.37,21.7,9.7,0.1278
SKD11,carbide,mql,16,6,80.6,0.097,1.56,3.59,1603.0,934.0,5.23,1558.88,32.7,5.8,0.0635
S45C,cbn,dry,16,6,246.9,0.142,6.45,9.73,4912.0,4198.0,263.31,17062.65,4.6,3.8,0.1963
FC250,carbide,oil,20,6,192.0,0.239,8.0,2.96,3055.0,4380.0,103.83,6490.59,4.9,2.3,0.1342
SKD11,cermet,water_soluble,16,4,85.8,0.025,1.01,1.55,1706.0,170.0,0.27,74.83,76.2,27.0,0.1202
A5052,cbn,water_soluble,10,2,278.8,0.068,5.24,14.02,8876.0,1200.0,88.17,1264.77,36.8,2.4,0.0277
FC250,carbide,water_soluble,10,3,164.5,0.236,7.04,7.44,5237.0,3701.0,193.83,7069.05,6.8,2.5,0.0966
FC250,carbide,oil,12,2,86.1,0.093,1.83,1.9,2283.0,426.0,1.48,123.51,191.4,20.3,0.0424
FC250,hss,dry,20,2,87.1,0.189,8.02,14.02,1387.0,524.0,58.88,8107.2,11.6,5.7,0.1385
FC250,hss,mql,20,2,152.0,0.109,6.05,7.33,2419.0,529.0,23.49,1854.46,4.9,5.5,0.4129
SKD11,cermet,oil,6,2,46.0,0.041,2.04,5.39,2440.0,199.0,2.19,427.66,514.4,158.1,0.0891
SKD11,hss,water_soluble,20,6,77.9,0.099,1.3,3.79,1239.0,737.0,3.63,1399.07,16.1,1.1,0.0325
A5052,carbide,water_soluble,8,3,412.9,0.484,14.42,7.16,16430.0,23875.0,2464.29,19096.78,5.0,2.1,0.108
A5052,hss,oil,16,3,283.0,0.07,5.36,6.6,5630.0,1184.0,41.86,946.75,4.9,3.6,0.2265
S45C,hss,water_soluble,20,2,86.4,0.255,1.51,2.12,1375.0,701.0,2.24,519.63,36.3,29.1,0.2196
A5052,cbn,dry,12,6,456.5,0.257,3.55,9.28,12109.0,18666.0,614.4,6460.36,5.3,5.4,0.3648
SUS304,hss,oil,20,2,89.1,0.049,4.51,0.96,1417.0,138.0,0.6,167.85,21.4,16.8,0.2324
A5052,cbn,dry,8,2,405.1,0.498,12.06,10.58,16117.0,16057.0,2049.21,16188.68,4.6,4.2,0.2128
FC250,carbide,mql,8,3,132.1,0.056,3.94,1.95,5258.0,885.0,6.8,247.12,34.0,3.1,0.0437
A5052,hss,oil,12,3,239.9,0.325,5.21,3.78,6362.0,6205.0,122.19,2445.31,5.1,5.5,0.371
A5052,cermet,oil,10,3,295.1,0.457,5.76,2.6,9394.0,12866.0,192.5,2609.03,8.2,9.7,0.5125
SKD11,carbide,oil,25,3,108.4,0.104,2.85,2.76,1380.0,430.0,3.39,1172.3,6.0,3.4,0.1744
A5052,carbide,water_soluble,16,4,250.7,0.119,8.15,14.74,4988.0,2365.0,284.21,7255.05,15.4,11.0,0.1704
SKD11,cbn,oil,12,3,72.5,0.124,0.33,0.58,1923.0,714.0,0.14,33.82,193.0,78.9,0.1354
S45C,cermet,water_soluble,12,2,144.4,0.282,2.87,3.07,3831.0,2163.0,19.04,1581.82,14.2,4.8,0.0972
FC250,cermet,dry,25,4,144.4,0.229,2.47,1.6,1839.0,1688.0,6.66,691.47,10.9,12.8,0.5123
A5052,cbn,mql,16,3,301.0,0.338,14.2,3.82,5989.0,6080.0,329.42,7003.26,8.9,9.6,0.4473
SUS304,cermet,oil,10,3,119.7,0.09,4.47,13.1,3811.0,1032.0,60.46,6312.64,12.3,5.1,0.1221
A5052,cbn,mql,12,6,169.7,0.245,11.78,16.84,4501.0,6609.0,1311.15,37087.45,51.5,10.8,0.0606
A5052,carbide,mql,16,2,316.7,0.494,6.87,13.57,6300.0,6231.0,581.33,11748.39,5.2,5.4,0.3979
S45C,cermet,oil,12,3,200.6,0.265,9.88,7.77,5320.0,4230.0,324.4,19410.15,5.0,1.2,0.0839
FC250,carbide,dry,8,4,162.1,0.128,9.14,18.56,6448.0,3303.0,560.47,16601.07,4.5,2.2,0.1568
FC250,hss,mql,10,2,173.0,0.185,1.91,2.33,5506.0,2037.0,9.06,314.24,5.4,2.5,0.1148
FC250,carbide,mql,6,2,89.1,0.284,3.25,6.88,4725.0,2685.0,59.99,2424.77,67.6,9.1,0.0532
FC250,hss,mql,16,2,152.3,0.081,5.3,15.15,3030.0,490.0,39.31,2477.65,5.1,4.0,0.184
SKD11,carbide,oil,8,3,42.9,0.137,0.43,1.16,1709.0,704.0,0.35,99.07,453.8,216.1,0.1249
S45C,cermet,dry,8,3,98.5,0.283,4.8,10.7,3919.0,3328.0,170.84,13875.48,26.8,10.4,0.103
FC250,cbn,water_soluble,16,3,182.4,0.129,6.18,7.54,3628.0,1408.0,65.61,3454.17,14.3,6.9,0.1419
S45C,carbide,dry,12,4,134.2,0.237,3.49,6.81,3561.0,3379.0,80.27,7175.74,8.1,2.6,0.1063
SKD11,cbn,dry,10,2,108.8,0.127,1.17,2.21,3464.0,882.0,2.28,313.69,7.5,6.9,0.2146
SKD11,cbn,mql,16,4,45.9,0.103,1.02,2.52,913.0,374.0,0.96,501.43,496.4,55.1,0.0497
S45C,hss,oil,25,2,215.2,0.227,1.79,4.47,2740.0,1243.0,9.94,1155.1,5.3,2.2,0.1359
FC250,hss,water_soluble,8,2,189.0,0.176,6.73,8.68,7520.0,2642.0,154.5,3923.79,4.9,2.7,0.1554
A5052,cbn,oil,25,6,189.5,0.357,6.89,16.57,2413.0,5169.0,590.02,31132.77,44.2,17.3,0.1138
SKD11,cermet,water_soluble,8,2,33.7,0.084,0.24,0.7,1341.0,226.0,0.04,13.27,469.2,87.0,0.0746
SKD11,cbn,oil,8,4,47.8,0.021,2.18,6.16,1901.0,159.0,2.13,534.37,513.7,224.2,0.1402
S45C,cbn,oil,20,4,131.4,0.272,7.77,8.93,2091.0,2278.0,158.05,24061.66,22.2,20.3,0.2565
SUS304,carbide,mql,8,2,86.0,0.033,2.94,1.53,3422.0,224.0,1.01,117.36,113.8,2.3,0.0103
FC250,hss,dry,12,2,128.8,0.117,1.43,3.5,3417.0,802.0,4.01,224.2,6.1,3.2,0.1589
A5052,hss,water_soluble,16,6,379.1,0.164,6.76,1.62,7542.0,7442.0,81.67,1378.79,5.3,3.2,0.1607
SUS304,carbide,oil,25,3,52.5,0.16,4.6,3.66,669.0,321.0,5.4,3215.64,462.2,137.6,0.0815
SUS304,cermet,oil,20,4,105.3,0.072,1.96,3.94,1676.0,481.0,3.72,882.57,34.0,34.6,0.3151
SKD11,carbide,dry,8,6,73.4,0.08,2.93,0.88,2921.0,1397.0,3.59,586.0,35.9,34.5,0.2624
FC250,cermet,mql,6,3,184.2,0.182,3.96,3.53,9771.0,5343.0,74.77,1461.49,6.4,2.7,0.1114
SUS304,cbn,water_soluble,6,4,106.4,0.098,4.84,9.08,5644.0,2222.0,97.75,6890.78,39.3,12.9,0.0912
SUS304,hss,mql,6,6,139.2,0.072,0.6,1.2,7387.0,3186.0,2.3,123.63,4.9,4.8,0.315
SKD11,cermet,water_soluble,20,4,57.1,0.106,2.15,4.68,908.0,385.0,3.87,2035.72,266.7,119.1,0.1174
SUS304,hss,water_soluble,12,6,82.7,0.052,0.62,1.11,2193.0,682.0,0.47,85.42,58.4,57.6,0.2787
FC250,carbide,mql,20,4,98.7,0.28,6.61,5.74,1571.0,1761.0,66.87,8126.27,32.9,31.1,0.2646
FC250,hss,dry,10,6,106.9,0.067,5.07,2.99,3404.0,1371.0,20.81,1167.72,11.3,5.3,0.1347
SUS304,cermet,oil,10,4,131.6,0.06,0.69,1.01,4188.0,1013.0,0.7,66.84,19.8,9.5,0.1459
A5052,cermet,water_soluble,10,6,150.4,0.221,11.2,4.93,4788.0,6345.0,349.97,9307.26,59.5,6.3,0.0478
SUS304,carbide,dry,6,6,81.6,0.046,2.33,2.7,4331.0,1208.0,7.61,698.87,74.3,79.1,0.3464
A5052,hss,dry,10,3,311.2,0.078,13.63,16.57,9907.0,2327.0,525.56,6754.32,5.1,1.4,0.0857
FC250,hss,mql,20,2,138.8,0.268,5.7,8.48,2210.0,1185.0,57.21,4944.22,4.6,1.8,0.1235
A5052,cermet,mql,20,4,292.4,0.483,8.07,13.62,4654.0,8990.0,988.36,27038.7,5.9,6.4,0.3403
S45C,cermet,mql,25,3,107.4,0.152,6.78,13.08,1367.0,625.0,55.45,12912.33,36.2,35.5,0.2438
SUS304,carbide,dry,6,4,104.6,0.141,2.73,8.12,5550.0,3125.0,69.25,4964.51,11.2,2.1,0.0597
S45C,cbn,water_soluble,6,4,198.0,0.279,7.39,2.12,10504.0,11738.0,183.8,5569.72,5.4,4.4,0.1795
A5052,cermet,dry,10,6,150.5,0.253,2.75,6.23,4791.0,7273.0,124.72,3314.91,43.0,21.0,0.157
S45C,hss,oil,6,4,206.6,0.076,9.83,21.68,10959.0,3349.0,713.69,20730.33,4.5,3.3,0.2012
SUS304,carbide,oil,25,3,110.5,0.046,2.49,3.54,1407.0,196.0,1.73,489.31,28.7,22.4,0.2332
FC250,carbide,mql,10,2,132.4,0.213,1.0,0.95,4215.0,1796.0,1.71,77.53,29.2,27.4,0.2447
A5052,cbn,dry,8,4,225.2,0.334,3.56,2.41,8960.0,11968.0,102.96,1463.0,23.4,13.7,0.1551
FC250,cermet,mql,8,4,148.7,0.134,2.23,2.5,5917.0,3171.0,17.69,570.98,23.0,16.5,0.208
A5052,cbn,dry,20,6,272.4,0.319,2.56,5.15,4336.0,8299.0,109.4,3212.4,12.8,7.5,0.1459
SUS304,cbn,water_soluble,25,3,89.6,0.118,4.19,1.42,1140.0,402.0,2.39,832.52,106.1,82.9,0.1927
SKD11,hss,oil,16,2,85.8,0.098,2.61,2.08,1707.0,333.0,1.81,506.05,6.6,1.2,0.0554
SKD11,cermet,mql,10,2,84.5,0.1,0.68,1.55,2689.0,538.0,0.57,100.34,41.3,2.5,0.0291
SUS304,hss,mql,8,3,114.3,0.069,1.04,2.15,4549.0,942.0,2.11,184.12,7.5,3.8,0.1441
S45C,hss,oil,8,3,213.5,0.178,8.22,12.52,8494.0,4541.0,467.52,17519.3,5.3,1.9,0.1176
FC250,cbn,dry,10,4,90.1,0.271,3.05,2.61,2867.0,3111.0,24.82,1653.01,86.9,57.3,0.1763
SUS304,hss,dry,20,2,62.6,0.07,1.9,1.52,996.0,139.0,0.4,160.81,71.9,75.5,0.3279
SKD11,hss,water_soluble,6,3,35.0,0.039,1.82,4.16,1857.0,219.0,1.65,425.07,542.1,292.1,0.1532
SKD11,cbn,dry,10,4,102.1,0.104,1.11,3.11,3251.0,1357.0,4.68,686.95,11.7,6.3,0.1574
A5052,hss,dry,16,3,281.0,0.329,11.56,22.2,5590.0,5522.0,1416.63,32267.78,4.5,1.2,0.0918
S45C,cermet,dry,16,6,88.9,0.114,6.56,16.99,1769.0,1208.0,134.78,24246.42,54.8,36.3,0.1954
SUS304,hss,oil,6,4,149.5,0.064,0.74,0.63,7931.0,2016.0,0.93,46.89,4.9,1.0,0.0778
A5052,carbide,water_soluble,25,2,432.8,0.325,3.3,4.95,5511.0,3587.0,58.65,1354.97,5.1,3.2,0.1888
SKD11,cbn,water_soluble,20,4,73.0,0.117,2.05,2.98,1162.0,545.0,3.34,1370.81,121.3,47.7,0.124
SUS304,carbide,water_soluble,8,6,106.4,0.176,4.5,8.94,4235.0,4460.0,179.63,16877.52,14.7,7.4,0.1463
SUS304,cermet,dry,8,4,146.4,0.098,2.01,4.39,5824.0,2284.0,20.16,1377.11,4.9,2.4,0.1424
SKD11,carbide,oil,16,6,109.0,0.144,1.83,0.71,2169.0,1877.0,2.45,540.31,6.0,3.1,0.1273
SUS304,cermet,mql,6,2,57.7,0.083,2.68,4.91,3060.0,506.0,6.67,866.99,515.1,147.2,0.0898
FC250,cermet,dry,16,3,194.0,0.231,1.17,2.55,3860.0,2673.0,8.0,395.79,5.4,3.0,0.1582
S45C,cbn,water_soluble,16,6,170.2,0.177,7.24,9.2,3386.0,3592.0,239.06,22472.21,9.7,2.3,0.0771
SKD11,cermet,dry,25,6,40.9,0.121,0.39,1.11,521.0,377.0,0.16,149.03,539.9,232.3,0.1365
S45C,carbide,mql,8,2,180.7,0.218,0.85,2.26,7191.0,3136.0,6.06,268.19,7.1,7.2,0.3364
SKD11,cermet,oil,6,3,89.6,0.063,1.25,3.42,4755.0,893.0,3.83,384.48,33.4,38.3,0.5108
S45C,cbn,water_soluble,16,6,200.5,0.137,1.46,2.0,3988.0,3280.0,9.61,767.0,12.3,6.4,0.1609
A5052,hss,mql,12,4,165.9,0.301,1.52,1.59,4400.0,5294.0,12.76,369.23,18.2,12.7,0.2101
FC250,cermet,water_soluble,25,4,131.9,0.107,2.92,4.66,1680.0,718.0,9.74,1107.78,39.4,28.4,0.1933
SKD11,cermet,oil,25,6,88.9,0.133,2.92,3.31,1132.0,905.0,8.75,3691.57,19.2,14.7,0.1931
FC250,cbn,dry,16,2,88.3,0.141,9.39,24.36,1756.0,493.0,112.81,12270.89,71.2,38.9,0.1438
S45C,carbide,oil,16,6,159.8,0.269,1.26,3.19,3180.0,5139.0,20.69,2070.76,8.3,9.1,0.3499
SUS304,cbn,oil,10,3,95.1,0.086,4.8,11.94,3026.0,784.0,44.92,5906.96,69.6,39.6,0.1743
SUS304,cermet,dry,8,4,66.7,0.075,0.6,1.53,2654.0,801.0,0.73,109.52,301.7,50.0,0.0521
SUS304,cermet,dry,16,4,86.9,0.063,2.4,4.69,1728.0,436.0,4.91,1131.29,60.6,32.8,0.169
SUS304,carbide,water_soluble,16,4,62.0,0.178,4.72,1.58,1234.0,878.0,6.52,2103.89,266.2,25.9,0.0456
FC250,cbn,mql,10,2,136.5,0.091,2.42,6.51,4346.0,788.0,12.42,545.95,53.4,49.3,0.2621
SKD11,hss,mql,25,4,57.9,0.111,0.83,1.73,737.0,327.0,0.47,304.32,81.8,6.9,0.0335
SUS304,cermet,water_soluble,10,4,66.5,0.14,1.45,3.97,2118.0,1189.0,6.84,1285.15,318.2,237.5,0.1888
SUS304,hss,water_soluble,16,3,112.5,0.168,1.86,1.38,2238.0,1127.0,2.88,512.67,5.2,2.3,0.1391
FC250,hss,mql,25,6,91.1,0.144,3.51,5.88,1161.0,1005.0,20.76,3416.91,24.7,4.9,0.0748
SUS304,hss,dry,8,2,84.8,0.031,0.46,1.09,3372.0,209.0,0.11,12.53,43.1,16.2,0.1207
A5052,carbide,water_soluble,20,6,492.3,0.28,9.63,19.54,7835.0,13180.0,2479.22,40290.52,5.2,5.6,0.3602
S45C,carbide,oil,16,6,112.3,0.133,1.53,2.97,2235.0,1785.0,8.13,1158.03,52.0,12.0,0.0771
FC250,hss,water_soluble,10,6,179.9,0.246,0.71,0.89,5727.0,8458.0,5.31,176.94,5.2,5.6,0.4021
SKD11,cbn,oil,6,2,49.4,0.113,0.44,0.97,2619.0,594.0,0.25,45.75,541.4,158.3,0.0805
S45C,cermet,dry,16,2,238.2,0.189,5.16,7.02,4738.0,1787.0,64.75,4350.2,4.5,5.4,0.5623
SKD11,cermet,dry,25,6,90.6,0.136,0.29,0.81,1154.0,944.0,0.22,91.95,20.4,23.4,0.5242
FC250,carbide,oil,16,6,88.0,0.061,8.32,20.95,1750.0,643.0,112.01,12224.06,102.0,100.7,0.2923
SKD11,cermet,water_soluble,20,6,71.2,0.104,0.49,1.37,1133.0,704.0,0.47,199.04,145.2,138.6,0.2446
FC250,carbide,water_soluble,8,3,85.3,0.289,4.53,4.29,3396.0,2944.0,57.27,3221.28,84.4,48.6,0.164
A5052,hss,water_soluble,10,6,162.5,0.424,12.82,19.16,5174.0,13166.0,3234.75,79608.44,7.2,6.7,0.2701
A5052,cermet,dry,8,6,181.7,0.209,0.59,1.13,7230.0,9061.0,6.02,106.03,55.3,48.1,0.2045
SUS304,cbn,mql,6,6,77.6,0.068,2.78,1.83,4115.0,1669.0,8.49,821.11,253.3,172.6,0.1628
A5052,cbn,dry,25,2,347.2,0.434,6.1,1.59,4421.0,3834.0,37.16,1070.08,4.7,5.4,0.4979
S45C,hss,water_soluble,12,3,88.5,0.258,9.11,3.51,2349.0,1814.0,58.05,7868.09,19.4,4.2,0.0684
A5052,carbide,water_soluble,25,4,279.9,0.116,7.83,10.98,3564.0,1658.0,142.63,5094.98,13.0,12.5,0.2543
A5052,cbn,dry,10,3,393.9,0.182,8.46,16.27,12540.0,6865.0,944.19,9586.99,5.4,5.9,0.4657
SUS304,hss,dry,10,4,85.7,0.162,2.87,4.01,2727.0,1763.0,20.24,2954.26,8.7,4.8,0.1584
SUS304,cbn,mql,8,3,81.3,0.159,4.21,12.34,3233.0,1547.0,80.41,9895.43,98.2,36.7,0.1003
A5052,cbn,dry,16,2,218.8,0.171,5.29,7.8,4353.0,1486.0,61.3,1792.8,25.8,14.7,0.1393
SKD11,cermet,oil,16,6,55.6,0.023,2.68,7.18,1105.0,155.0,2.98,1289.35,466.3,164.6,0.1088
S45C,hss,water_soluble,25,2,159.6,0.235,8.41,19.06,2032.0,955.0,153.17,23996.18,5.1,1.4,0.0915
A5052,hss,oil,12,2,455.4,0.25,3.96,3.49,12079.0,6032.0,83.52,880.39,4.7,4.9,0.3092
SKD11,cbn,oil,16,4,81.1,0.124,1.67,0.91,1614.0,799.0,1.22,359.96,68.6,8.6,0.0435
SKD11,cbn,oil,16,3,66.4,0.121,2.87,1.14,1321.0,479.0,1.57,566.59,165.0,45.4,0.0864
SUS304,hss,mql,8,3,119.9,0.114,4.46,3.5,4769.0,1625.0,25.38,2117.29,4.6,2.5,0.1506
A5052,carbide,mql,25,6,226.3,0.334,6.05,9.0,2882.0,5779.0,314.51,13896.14,12.8,10.4,0.2201
SKD11,cbn,mql,10,6,56.3,0.092,1.09,1.68,1792.0,986.0,1.81,482.58,502.3,109.4,0.0672
A5052,cermet,mql,6,6,486.3,0.372,11.37,13.36,25799.0,57547.0,8739.28,43130.14,4.8,2.2,0.131
A5052,cermet,mql,8,3,323.6,0.494,4.83,9.1,12875.0,19087.0,838.32,8290.14,5.0,2.0,0.118
SKD11,cermet,mql,6,6,103.6,0.098,2.31,3.28,5495.0,3238.0,24.56,2133.75,8.0,1.8,0.0809
A5052,cbn,oil,25,3,428.5,0.051,4.59,8.26,5456.0,827.0,31.38,732.22,13.4,8.7,0.1737
S45C,hss,dry,10,4,105.0,0.225,1.88,0.58,3341.0,3002.0,3.24,308.85,8.5,8.1,0.2903
S45C,cermet,water_soluble,16,6,213.6,0.117,7.46,13.86,4250.0,2995.0,309.79,23199.72,4.7,2.2,0.1428
SKD11,carbide,mql,16,4,48.0,0.022,2.25,4.84,955.0,83.0,0.91,453.48,475.7,133.9,0.0919
FC250,cermet,water_soluble,8,2,148.2,0.173,6.6,3.99,5895.0,2043.0,53.81,1743.38,15.3,9.0,0.1587
SUS304,carbide,dry,6,3,113.0,0.152,0.5,1.25,5993.0,2729.0,1.71,113.21,13.6,3.1,0.0662
SKD11,hss,water_soluble,6,4,119.4,0.105,0.81,0.89,6332.0,2650.0,1.91,144.3,4.5,4.0,0.2119
SUS304,carbide,water_soluble,25,3,61.8,0.046,1.88,1.22,787.0,108.0,0.25,124.52,455.3,178.9,0.1019
SKD11,carbide,mql,6,4,86.0,0.082,2.38,2.06,4564.0,1495.0,7.35,768.51,24.8,26.3,0.392
SKD11,cermet,oil,12,2,42.7,0.077,0.51,0.73,1133.0,174.0,0.06,27.16,547.7,135.3,0.0841
A5052,cermet,oil,8,6,385.1,0.181,7.6,2.96,15323.0,16674.0,375.49,3120.0,4.9,2.7,0.1363
A5052,cbn,water_soluble,20,6,199.4,0.224,6.98,20.64,3174.0,4270.0,615.29,24685.9,52.0,12.0,0.0711
A5052,cermet,water_soluble,16,3,261.1,0.277,2.47,5.38,5195.0,4318.0,57.37,1406.09,19.1,13.0,0.1696
SUS304,hss,mql,20,4,58.2,0.112,2.21,4.21,926.0,414.0,3.86,1657.42,136.6,88.1,0.1836
SUS304,cermet,water_soluble,25,3,98.1,0.084,3.97,8.33,1250.0,316.0,10.43,3322.22,38.9,4.3,0.0405
FC250,carbide,mql,16,2,91.9,0.13,5.51,15.68,1828.0,474.0,40.94,4278.57,62.8,48.7,0.2046
SKD11,cermet,water_soluble,20,4,36.1,0.08,1.91,2.7,574.0,185.0,0.95,791.11,548.6,110.8,0.0748
SUS304,cermet,oil,8,2,138.6,0.119,0.94,0.97,5513.0,1309.0,1.19,85.76,10.1,4.7,0.1408
A5052,carbide,mql,12,6,395.0,0.117,13.08,9.4,10478.0,7350.0,903.49,10978.78,5.0,5.3,0.3965
FC250,hss,dry,25,4,96.7,0.051,0.59,0.98,1231.0,252.0,0.15,22.71,40.5,31.2,0.2043
SKD11,cermet,water_soluble,20,3,54.7,0.14,0.41,0.95,870.0,365.0,0.14,79.19,500.6,208.6,0.1079
S45C,hss,oil,16,3,233.4,0.208,2.99,2.87,4643.0,2891.0,24.8,1700.33,4.9,3.2,0.1503
S45C,hss,oil,25,6,175.4,0.199,4.39,11.14,2233.0,2667.0,130.52,18602.2,5.1,4.7,0.2728
SKD11,cbn,oil,20,6,101.0,0.113,0.86,1.82,1608.0,1086.0,1.69,502.7,23.6,14.5,0.1756
A5052,carbide,mql,10,6,276.4,0.283,11.8,17.08,8799.0,14962.0,3014.9,43625.0,6.1,5.5,0.2548
SKD11,carbide,water_soluble,8,4,60.2,0.068,2.09,3.56,2395.0,651.0,4.84,965.83,215.4,4.3,0.0098
SKD11,hss,dry,16,3,92.2,0.145,1.99,3.88,1834.0,797.0,6.17,1607.16,4.6,4.3,0.2583
FC250,carbide,mql,6,2,174.1,0.245,9.31,27.65,9235.0,4529.0,1165.68,24107.13,4.6,3.1,0.1944
SUS304,hss,oil,6,6,56.7,0.154,2.66,3.25,3009.0,2785.0,24.07,3182.87,133.9,52.3,0.1054
FC250,cbn,dry,12,2,191.8,0.287,8.78,6.98,5087.0,2918.0,178.92,6716.76,5.0,4.0,0.2302
FC250,hss,dry,6,6,93.9,0.26,7.88,8.07,4984.0,7763.0,493.57,18912.72,7.1,4.8,0.155
FC250,carbide,water_soluble,6,6,134.6,0.297,6.01,11.59,7141.0,12706.0,884.7,23662.14,13.6,8.6,0.1455
A5052,carbide,oil,16,3,232.9,0.149,9.33,22.98,4633.0,2078.0,445.46,12242.03,17.2,19.2,0.397
A5052,cermet,water_soluble,25,2,375.7,0.3,9.69,25.48,4784.0,2871.0,709.15,18873.45,5.0,3.3,0.1849
SUS304,cbn,dry,16,4,59.1,0.038,4.33,3.06,1175.0,180.0,2.39,808.66,464.9,79.5,0.0592
SUS304,cermet,water_soluble,16,4,57.8,0.152,1.93,5.77,1151.0,701.0,7.83,2707.19,473.9,170.8,0.1171
S45C,cermet,oil,8,4,248.1,0.068,4.31,1.03,9870.0,2699.0,12.03,387.8,5.4,1.5,0.0975
SUS304,cbn,water_soluble,12,6,62.7,0.116,2.79,4.54,1663.0,1158.0,14.67,3508.76,451.9,213.7,0.1413
S45C,cermet,dry,10,2,144.8,0.197,8.77,6.04,4609.0,1820.0,96.5,6665.34,6.5,4.2,0.1617
SUS304,cermet,mql,16,6,109.1,0.195,1.04,2.73,2171.0,2537.0,7.17,1314.29,22.5,8.3,0.1018
SKD11,hss,mql,6,2,102.8,0.094,3.0,8.59,5455.0,1023.0,26.35,2306.14,5.0,1.8,0.1052
FC250,hss,oil,20,2,172.9,0.154,9.74,21.62,2753.0,850.0,178.91,12413.58,5.4,1.5,0.0797
S45C,cbn,oil,25,4,160.0,0.159,3.3,7.78,2037.0,1293.0,33.22,5191.98,15.8,2.7,0.0551
FC250,hss,oil,6,2,180.6,0.235,9.34,5.06,9583.0,4512.0,213.18,4248.76,4.7,1.7,0.1059
S45C,cbn,oil,20,6,161.5,0.215,4.61,9.56,2571.0,3309.0,145.84,18056.45,12.9,10.1,0.224
SUS304,hss,oil,12,2,134.5,0.09,0.52,1.54,3568.0,644.0,0.51,56.95,4.6,2.7,0.1694
FC250,carbide,water_soluble,25,3,116.5,0.125,5.09,6.48,1484.0,558.0,18.41,2369.32,38.0,1.5,0.0193
SKD11,carbide,mql,20,6,61.5,0.097,0.68,0.98,978.0,572.0,0.38,184.85,219.8,106.4,0.1483
SKD11,carbide,water_soluble,25,3,69.5,0.1,0.85,1.63,885.0,265.0,0.37,198.07,100.9,43.5,0.1322
A5052,carbide,water_soluble,25,4,300.2,0.058,3.92,3.71,3822.0,886.0,12.88,429.02,19.0,7.1,0.1219
SKD11,cermet,oil,10,3,41.5,0.043,0.67,1.38,1320.0,169.0,0.16,56.56,475.5,166.4,0.0938
SUS304,hss,mql,8,2,72.6,0.193,2.46,1.93,2890.0,1114.0,5.28,727.13,31.0,10.7,0.1143
S45C,cermet,oil,12,3,125.8,0.202,1.67,2.63,3336.0,2019.0,8.85,844.47,33.2,9.9,0.1007
SKD11,cermet,dry,12,2,79.6,0.056,2.43,1.68,2113.0,235.0,0.96,216.4,36.1,16.5,0.1242
A5052,cermet,dry,6,3,160.0,0.464,6.75,4.52,8489.0,11815.0,359.99,5399.32,21.8,6.2,0.0895
SKD11,hss,oil,12,6,117.0,0.064,2.97,2.63,3103.0,1199.0,9.36,1440.53,4.9,2.7,0.1691
S45C,cbn,dry,20,3,159.6,0.252,9.27,6.97,2541.0,1923.0,124.15,15553.57,6.0,3.5,0.1622
SUS304,cbn,mql,16,2,65.2,0.165,0.59,0.6,1297.0,427.0,0.15,46.83,501.4,122.5,0.0682
S45C,hss,water_soluble,16,2,97.5,0.052,1.02,1.0,1940.0,202.0,0.21,33.7,50.9,10.4,0.0753
S45C,cermet,mql,25,3,107.7,0.133,9.19,21.5,1372.0,549.0,108.51,25179.52,30.2,22.7,0.1843
SUS304,carbide,mql,8,4,118.0,0.048,4.4,7.06,4694.0,898.0,27.89,2364.28,13.2,6.7,0.1571
A5052,hss,oil,6,3,267.9,0.229,13.69,28.7,14213.0,9762.0,3836.14,34366.21,4.6,5.2,0.4355
FC250,cbn,water_soluble,12,6,92.8,0.103,4.02,9.84,2461.0,1517.0,59.97,4654.78,205.8,14.5,0.0359
S45C,carbide,water_soluble,25,4,124.8,0.131,3.45,6.88,1589.0,833.0,19.75,3955.98,26.5,5.1,0.0734
SKD11,hss,oil,25,6,41.7,0.129,2.4,4.91,531.0,412.0,4.85,4366.7,342.4,263.8,0.2119
SKD11,hss,water_soluble,25,2,38.8,0.118,2.69,5.93,494.0,117.0,1.87,1803.1,549.1,41.3,0.0386
SKD11,carbide,dry,25,6,36.1,0.068,2.68,6.19,460.0,187.0,3.1,3223.01,543.8,23.9,0.0225
SKD11,cbn,mql,25,2,49.6,0.026,1.58,2.48,632.0,33.0,0.13,98.9,476.2,286.0,0.144
SUS304,cbn,mql,25,4,114.1,0.041,3.75,6.29,1453.0,238.0,5.62,1537.93,39.5,9.5,0.0766
SUS304,cermet,dry,10,3,58.1,0.142,0.94,1.64,1849.0,786.0,1.21,260.09,370.5,2.3,0.0026
S45C,cbn,mql,12,2,130.3,0.268,0.67,1.33,3458.0,1851.0,1.66,152.81,50.2,46.0,0.2573
SUS304,cermet,dry,6,6,101.0,0.031,2.91,8.18,5359.0,988.0,23.51,1745.76,36.7,16.3,0.1128
A5052,hss,oil,8,4,438.2,0.386,3.52,9.31,17436.0,26892.0,879.99,6426.11,5.4,2.8,0.1251
A5052,cermet,oil,12,4,236.7,0.173,14.68,20.39,6278.0,4339.0,1299.13,26348.69,15.8,11.4,0.2014
FC250,cermet,dry,20,4,111.8,0.152,6.13,1.14,1779.0,1082.0,7.58,813.57,28.2,25.2,0.241
S45C,cermet,oil,10,3,141.0,0.289,9.94,27.36,4488.0,3893.0,1058.81,75088.3,7.7,8.8,0.5151
SKD11,carbide,oil,16,3,73.2,0.034,2.55,5.83,1457.0,148.0,2.2,720.72,81.3,54.8,0.1903
SKD11,cbn,dry,16,6,110.3,0.133,2.99,5.46,2194.0,1751.0,28.64,6232.9,4.7,4.1,0.2315
S45C,carbide,water_soluble,8,6,198.7,0.154,7.31,19.79,7907.0,7315.0,1057.66,42577.46,5.1,3.0,0.1367
S45C,carbide,oil,25,4,128.1,0.175,9.38,4.64,1631.0,1139.0,49.58,9678.1,15.9,7.3,0.1403
SKD11,cermet,water_soluble,25,2,117.4,0.095,0.56,0.91,1495.0,283.0,0.14,46.07,8.8,1.3,0.065
S45C,cbn,water_soluble,16,6,163.7,0.1,7.26,11.91,3257.0,1957.0,169.04,16519.46,16.7,7.1,0.1224
S45C,cbn,mql,20,3,107.1,0.177,1.31,0.66,1705.0,903.0,0.78,145.58,110.8,107.5,0.2637
A5052,hss,mql,8,4,435.5,0.442,14.6,23.02,17327.0,30659.0,10304.38,75721.28,4.9,1.9,0.1188
SUS304,carbide,dry,20,2,131.1,0.13,4.0,8.92,2086.0,541.0,19.3,3681.62,4.9,1.7,0.0898
FC250,cermet,dry,16,2,198.1,0.074,3.68,1.71,3942.0,581.0,3.66,177.21,5.7,4.7,0.2128
FC250,hss,oil,20,4,159.2,0.233,9.02,11.99,2534.0,2366.0,256.02,19296.23,5.4,1.6,0.078
A5052,hss,water_soluble,16,3,422.9,0.352,11.11,24.45,8414.0,8883.0,2412.74,36509.6,5.2,3.3,0.1961
FC250,carbide,dry,20,6,150.8,0.085,1.13,1.75,2400.0,1229.0,2.44,193.89,17.0,9.3,0.1653
S45C,cermet,mql,25,2,192.2,0.132,8.83,3.3,2448.0,649.0,18.89,2456.17,5.5,4.3,0.209
SKD11,cbn,dry,6,2,44.8,0.139,1.23,2.64,2376.0,660.0,2.14,430.57,474.0,172.8,0.1093
S45C,cbn,water_soluble,10,3,103.5,0.293,1.73,1.02,3296.0,2893.0,5.13,495.27,109.5,47.3,0.1118
SKD11,carbide,water_soluble,8,6,94.9,0.092,2.4,2.39,3777.0,2075.0,11.93,1508.03,13.4,9.7,0.2019
SKD11,cbn,water_soluble,10,6,50.5,0.023,1.17,0.94,1608.0,223.0,0.24,72.44,488.4,29.0,0.0259
A5052,cbn,water_soluble,20,6,406.9,0.398,11.88,7.23,6476.0,15475.0,1329.12,26133.21,5.2,2.7,0.1254
SKD11,cermet,dry,6,4,45.0,0.039,1.08,2.13,2386.0,374.0,0.86,172.28,452.1,30.0,0.028
SUS304,cbn,dry,12,4,106.1,0.05,1.29,1.08,2813.0,567.0,0.79,112.38,52.4,29.7,0.1703
SUS304,hss,water_soluble,16,2,97.9,0.103,3.68,6.4,1948.0,402.0,9.47,1933.65,9.3,2.8,0.0913
SKD11,cbn,dry,16,4,89.3,0.087,0.45,1.05,1776.0,617.0,0.29,78.45,39.1,29.9,0.2187
A5052,cbn,dry,8,3,340.9,0.361,4.04,9.1,13565.0,14700.0,541.09,5078.58,5.1,3.6,0.1635
SUS304,hss,water_soluble,12,3,105.2,0.038,4.88,12.21,2790.0,318.0,18.93,2699.87,10.3,6.1,0.1553
SKD11,cermet,oil,6,6,37.4,0.107,0.24,0.64,1982.0,1272.0,0.19,46.75,531.2,160.0,0.0883
SUS304,carbide,mql,25,3,115.5,0.116,3.72,5.61,1470.0,510.0,10.64,2879.15,10.8,11.3,0.3405
FC250,cermet,dry,8,2,175.6,0.064,9.99,20.98,6987.0,893.0,187.18,5116.83,5.5,4.9,0.2462
SKD11,carbide,water_soluble,12,2,96.3,0.135,0.85,0.67,2556.0,692.0,0.39,73.66,16.8,8.1,0.1365
S45C,cbn,water_soluble,20,2,243.2,0.242,2.48,3.16,3871.0,1874.0,14.68,1206.92,5.1,3.4,0.195
A5052,carbide,mql,20,4,191.8,0.064,4.86,11.72,3053.0,777.0,44.25,1845.31,48.7,15.7,0.0846
SKD11,hss,oil,6,2,91.8,0.104,2.85,1.31,4872.0,1013.0,3.78,370.74,5.0,4.3,0.221
S45C,carbide,water_soluble,8,3,134.9,0.092,9.45,9.41,5367.0,1485.0,131.98,7827.8,17.9,14.2,0.2225
SUS304,cbn,dry,6,4,97.4,0.082,4.68,3.47,5165.0,1694.0,27.46,2115.47,38.6,1.5,0.0178
A5052,hss,oil,16,4,282.4,0.393,8.11,0.81,5619.0,8831.0,58.23,1319.49,5.2,1.9,0.1202
FC250,cermet,dry,12,3,90.0,0.06,2.96,3.09,2388.0,430.0,3.94,315.46,110.4,50.3,0.1347
S45C,cermet,mql,12,4,89.4,0.063,8.89,22.51,2372.0,594.0,118.99,15968.74,104.3,61.8,0.1836
FC250,carbide,dry,12,3,133.3,0.241,0.62,0.54,3536.0,2559.0,0.86,46.2,18.4,17.1,0.2631
SKD11,cermet,dry,8,6,91.8,0.049,1.3,2.54,3652.0,1066.0,3.53,461.6,18.4,3.8,0.0795
SUS304,cbn,mql,6,2,104.0,0.116,0.77,1.16,5515.0,1284.0,1.15,82.82,67.0,68.0,0.2913
S45C,hss,oil,16,2,121.1,0.229,1.86,2.17,2410.0,1106.0,4.47,589.88,7.8,4.8,0.1483
FC250,cermet,water_soluble,10,2,175.6,0.238,1.25,3.6,5590.0,2659.0,12.02,410.8,11.9,7.6,0.1534
FC250,cermet,dry,6,6,195.8,0.116,3.5,9.7,10387.0,7245.0,245.8,4519.72,4.8,1.6,0.1105
A5052,carbide,oil,10,6,372.1,0.393,2.72,7.96,11844.0,27951.0,604.8,6501.78,5.1,3.4,0.1767
A5052,carbide,mql,16,2,380.7,0.407,0.9,2.28,7573.0,6170.0,12.69,213.32,4.8,1.5,0.1018
SKD11,cermet,oil,8,6,75.8,0.104,1.65,4.45,3014.0,1883.0,13.8,2185.85,52.8,9.1,0.0552
A5052,carbide,dry,12,3,410.5,0.437,3.61,4.69,10888.0,14270.0,241.63,2825.58,4.7,4.1,0.2055
SKD11,carbide,mql,20,2,111.1,0.138,2.5,3.13,1768.0,487.0,3.81,1030.16,4.9,2.1,0.1183
S45C,carbide,mql,10,4,158.2,0.199,8.53,20.9,5036.0,4001.0,713.13,45072.66,5.3,4.1,0.1729
S45C,hss,oil,20,6,104.6,0.151,9.37,5.89,1666.0,1510.0,83.3,15920.13,11.1,13.1,0.5076
SUS304,cermet,mql,6,2,146.3,0.115,3.19,3.54,7762.0,1781.0,20.15,1033.1,5.0,3.2,0.1903
SUS304,cbn,mql,6,4,135.2,0.116,2.6,3.15,7173.0,3331.0,27.28,1513.24,10.9,8.1,0.208
FC250,carbide,dry,10,4,157.3,0.079,4.05,2.12,5006.0,1586.0,13.6,519.01,10.6,9.9,0.2605
A5052,carbide,dry,16,2,265.4,0.112,11.01,5.23,5280.0,1179.0,67.83,1635.76,8.2,5.0,0.1487
S45C,hss,water_soluble,10,3,224.3,0.124,6.59,1.49,7138.0,2653.0,26.01,1159.66,4.8,2.8,0.1528
A5052,cermet,water_soluble,10,4,205.2,0.156,5.81,13.93,6530.0,4086.0,330.29,6439.76,37.4,3.6,0.0367
A5052,cermet,water_soluble,6,4,200.5,0.199,8.97,19.08,10637.0,8471.0,1449.19,17346.42,28.0,15.8,0.1319
S45C,cermet,mql,20,2,236.9,0.102,6.24,7.86,3770.0,769.0,37.73,3185.6,5.2,1.5,0.1007
SUS304,cbn,dry,10,2,112.4,0.105,2.59,7.47,3578.0,749.0,14.47,1608.78,17.1,5.1,0.1055
SUS304,cbn,mql,16,3,80.4,0.156,3.66,3.58,1599.0,749.0,9.82,2442.1,125.6,73.1,0.1741
SUS304,cermet,oil,12,3,130.3,0.113,2.09,5.3,3457.0,1172.0,13.01,1496.85,9.1,6.0,0.1586
S45C,cbn,dry,16,3,115.1,0.228,7.45,4.37,2290.0,1564.0,50.93,7080.17,25.4,1.8,0.0304
A5052,cermet,mql,10,2,217.1,0.475,6.32,10.26,6909.0,6557.0,425.06,7833.07,14.3,10.9,0.2307
A5052,hss,mql,20,2,451.3,0.45,4.91,9.9,7182.0,6466.0,314.26,5571.26,5.3,1.6,0.1024
A5052,cermet,mql,25,3,429.2,0.129,10.96,18.73,5465.0,2121.0,435.71,10150.92,4.6,1.5,0.1042
SKD11,cbn,water_soluble,25,2,96.7,0.14,0.28,0.5,1231.0,345.0,0.05,18.74,47.3,43.7,0.2337
FC250,cermet,mql,20,6,111.1,0.236,3.92,10.03,1769.0,2503.0,98.35,10620.68,35.2,2.9,0.0353
FC250,carbide,water_soluble,10,2,196.0,0.165,8.34,17.65,6240.0,2062.0,303.36,9284.21,5.3,1.4,0.0897
SKD11,cbn,water_soluble,25,2,61.8,0.064,2.33,3.38,786.0,100.0,0.79,478.95,401.3,4.1,0.0043
SKD11,carbide,mql,10,3,97.6,0.052,0.21,0.61,3105.0,483.0,0.06,9.45,31.5,27.7,0.213
A5052,hss,dry,12,6,374.3,0.4,7.3,16.66,9929.0,23818.0,2897.85,37158.69,5.2,2.6,0.1426
A5052,hss,water_soluble,8,4,388.6,0.259,2.26,0.87,15462.0,16048.0,31.47,259.15,5.1,1.5,0.102
FC250,hss,mql,16,2,113.0,0.197,6.77,0.85,2248.0,884.0,5.08,431.39,8.5,3.5,0.1332
SKD11,carbide,oil,20,6,60.4,0.111,2.56,4.77,962.0,641.0,7.84,3893.34,148.0,101.9,0.1735
SKD11,cbn,dry,16,4,70.6,0.133,0.45,1.2,1405.0,745.0,0.4,136.64,113.9,4.9,0.0172
A5052,cermet,dry,10,6,477.2,0.495,6.78,12.31,15190.0,45124.0,3767.84,31581.98,5.2,6.1,0.4545
SUS304,carbide,oil,8,4,139.0,0.179,4.9,7.77,5531.0,3951.0,150.26,10809.52,4.9,3.1,0.156
SUS304,cermet,mql,12,2,123.0,0.093,1.3,0.63,3264.0,607.0,0.5,60.62,17.3,18.8,0.434
S45C,cermet,mql,6,6,107.4,0.114,9.29,4.36,5697.0,3909.0,158.47,8854.01,40.8,22.9,0.1387
SKD11,hss,water_soluble,12,2,63.4,0.054,0.39,0.84,1681.0,183.0,0.06,16.89,103.6,90.2,0.2102
S45C,cermet,water_soluble,10,6,203.6,0.054,1.94,1.8,6481.0,2101.0,7.35,361.05,8.5,2.7,0.0931
S45C,hss,water_soluble,10,4,211.9,0.208,9.83,20.38,6745.0,5599.0,1121.9,52943.94,4.6,3.1,0.1709
A5052,hss,water_soluble,16,6,401.2,0.163,14.24,16.38,7981.0,7827.0,1825.8,29127.57,4.9,5.7,0.5475
SUS304,cbn,dry,8,4,129.3,0.046,2.36,0.65,5145.0,944.0,1.45,112.04,17.5,2.8,0.0661
S45C,cbn,oil,25,4,248.4,0.124,1.3,0.52,3163.0,1574.0,1.06,106.4,5.2,2.7,0.1604
SUS304,carbide,oil,20,2,60.1,0.076,2.23,0.9,956.0,144.0,0.29,120.15,501.4,176.8,0.1005
FC250,hss,mql,8,4,171.4,0.255,6.88,10.4,6818.0,6964.0,498.44,13962.14,5.0,1.6,0.084
S45C,cbn,mql,20,2,212.6,0.178,2.87,4.28,3384.0,1207.0,14.83,1394.66,5.6,4.6,0.2255
SUS304,cbn,mql,8,6,60.6,0.104,0.71,1.0,2410.0,1506.0,1.06,175.51,507.5,223.1,0.1278
SKD11,cbn,mql,16,4,96.6,0.084,0.28,0.71,1921.0,647.0,0.13,32.02,52.2,31.8,0.1753
A5052,carbide,mql,10,3,464.8,0.393,12.78,27.31,14796.0,17453.0,6090.37,52410.02,4.6,3.1,0.1516
FC250,cermet,mql,8,3,103.9,0.21,6.62,3.61,4134.0,2604.0,62.15,2871.62,42.2,10.4,0.0812
FC250,hss,oil,25,2,188.2,0.157,8.24,9.91,2396.0,754.0,61.54,4905.21,5.1,1.7,0.1053
SKD11,carbide,oil,25,6,49.1,0.09,1.55,2.58,625.0,336.0,1.34,1026.38,518.5,211.6,0.1126
A5052,cermet,oil,8,4,384.3,0.176,8.08,8.81,15291.0,10791.0,768.82,6401.6,4.7,2.9,0.1745
SUS304,cbn,water_soluble,16,3,62.5,0.112,0.7,0.54,1243.0,416.0,0.16,49.99,531.0,208.6,0.1265
FC250,carbide,dry,16,2,181.7,0.148,5.75,13.51,3614.0,1068.0,82.93,4382.17,5.4,1.9,0.1141
FC250,carbide,water_soluble,8,6,96.2,0.086,7.68,16.75,3829.0,1970.0,253.2,12627.97,66.4,2.0,0.0124
SUS304,cbn,dry,12,2,98.0,0.072,1.07,2.49,2598.0,373.0,0.99,152.18,58.7,14.5,0.0911
A5052,carbide,dry,10,6,366.4,0.108,0.53,1.52,11663.0,7580.0,6.09,66.5,9.4,4.4,0.1257
FC250,cermet,water_soluble,16,4,147.9,0.281,0.74,1.72,2942.0,3311.0,4.23,274.45,23.5,14.9,0.171
SKD11,carbide,oil,16,4,115.2,0.146,2.86,0.56,2291.0,1343.0,2.16,450.46,4.8,4.3,0.2702
SKD11,cermet,water_soluble,12,3,90.6,0.029,0.53,1.5,2404.0,209.0,0.17,32.89,70.6,76.2,0.3796
FC250,cermet,oil,25,6,88.0,0.097,4.4,2.0,1120.0,653.0,5.75,980.58,144.5,59.6,0.1176
S45C,cbn,oil,20,4,146.8,0.289,4.66,10.23,2336.0,2700.0,128.76,17542.16,14.2,16.9,0.5462
SUS304,carbide,water_soluble,6,2,102.9,0.15,4.28,3.4,5460.0,1637.0,23.83,1736.47,18.8,20.3,0.354
SKD11,carbide,dry,12,6,57.4,0.107,2.87,3.17,1523.0,976.0,8.9,2789.27,117.5,61.5,0.1634
FC250,cbn,oil,12,6,114.4,0.139,0.77,2.29,3036.0,2523.0,4.48,281.65,133.0,61.9,0.1326
A5052,cbn,oil,20,6,261.1,0.385,11.32,15.25,4155.0,9587.0,1654.87,50707.14,12.9,1.5,0.0448
S45C,hss,oil,20,3,202.3,0.274,1.93,2.55,3220.0,2649.0,13.03,1287.87,4.8,4.5,0.2772
SUS304,carbide,dry,6,2,80.5,0.135,1.6,0.72,4271.0,1153.0,1.32,123.25,63.2,73.7,0.5436
S45C,cbn,oil,16,4,81.8,0.295,5.18,14.62,1627.0,1923.0,145.73,28512.41,150.7,129.0,0.2054
SUS304,cbn,mql,25,2,76.9,0.193,1.55,1.73,979.0,378.0,1.01,412.29,173.7,49.4,0.0922
A5052,carbide,water_soluble,10,6,192.8,0.411,11.87,1.14,6138.0,15134.0,204.23,4236.47,18.9,18.2,0.2878
SUS304,cbn,oil,12,6,76.1,0.154,3.67,5.32,2018.0,1864.0,36.41,7178.1,169.1,68.8,0.1161
A5052,hss,water_soluble,8,2,466.2,0.499,13.83,23.45,18548.0,18526.0,6007.67,41240.02,5.1,2.0,0.1188
SKD11,cbn,mql,8,4,95.9,0.128,2.01,3.62,3814.0,1954.0,14.2,1778.18,18.9,21.8,0.4839
A5052,cbn,dry,20,4,267.9,0.439,1.13,1.74,4264.0,7496.0,14.74,440.13,18.2,21.5,0.528
A5052,hss,oil,12,2,411.1,0.339,4.12,6.51,10904.0,7398.0,198.45,2317.25,5.4,2.9,0.1565
SUS304,carbide,mql,12,2,54.0,0.092,4.29,9.92,1432.0,263.0,11.22,3116.06,491.3,59.8,0.0569
FC250,cbn,dry,12,4,123.4,0.097,3.65,6.4,3274.0,1265.0,29.56,1724.67,40.8,26.2,0.1541
A5052,cermet,mql,20,3,227.2,0.342,0.88,2.3,3617.0,3709.0,7.49,263.62,31.2,19.7,0.1816
SKD11,cbn,water_soluble,20,3,102.1,0.073,1.1,1.79,1625.0,355.0,0.7,204.81,27.7,28.6,0.2873
S45C,cbn,oil,25,6,196.3,0.188,6.99,11.22,2500.0,2826.0,221.73,28235.79,4.7,2.7,0.1436
A5052,cermet,water_soluble,16,6,418.7,0.273,14.87,1.79,8330.0,13621.0,363.38,5554.24,4.9,3.2,0.1973
SKD11,carbide,dry,6,6,59.4,0.057,2.67,1.71,3151.0,1082.0,4.95,750.16,136.7,57.0,0.1169
FC250,cbn,mql,8,4,184.9,0.233,7.55,22.57,7356.0,6857.0,1167.96,30322.63,7.6,8.7,0.4321
S45C,cbn,mql,25,3,136.0,0.26,7.74,16.88,1731.0,1350.0,176.45,32441.66,15.8,14.2,0.2358
FC250,hss,water_soluble,10,2,187.5,0.199,8.34,13.87,5969.0,2374.0,274.43,8781.42,4.8,2.8,0.1821
SUS304,hss,dry,20,6,67.7,0.039,4.3,7.52,1078.0,255.0,8.24,3041.63,47.9,5.8,0.0522
SKD11,hss,water_soluble,6,6,79.1,0.03,1.0,0.72,4198.0,751.0,0.54,61.71,30.0,32.6,0.416
SKD11,carbide,dry,20,4,42.0,0.076,1.88,0.54,669.0,204.0,0.21,147.24,469.1,195.4,0.1088
FC250,cbn,oil,6,2,105.8,0.198,9.2,23.14,5611.0,2218.0,472.09,16067.7,61.5,17.7,0.0838
S45C,cermet,water_soluble,16,2,134.9,0.072,1.05,2.76,2683.0,387.0,1.12,133.43,50.6,21.3,0.1162
S45C,cermet,water_soluble,10,6,214.0,0.253,2.6,1.6,6813.0,10355.0,43.24,2020.0,5.0,2.2,0.1274
SUS304,hss,water_soluble,20,4,108.1,0.079,3.75,6.83,1721.0,542.0,13.89,3211.35,7.0,5.1,0.2121
FC250,hss,water_soluble,25,2,164.3,0.13,3.54,9.21,2092.0,544.0,17.74,1619.67,5.4,5.4,0.3347
S45C,cermet,oil,25,2,213.6,0.242,3.83,4.58,2720.0,1318.0,23.13,2706.63,5.0,3.9,0.216
S45C,cbn,oil,12,6,110.2,0.269,5.5,14.36,2923.0,4719.0,372.29,40538.9,43.1,1.9,0.0175
A5052,carbide,dry,25,2,297.9,0.178,13.61,5.95,3793.0,1349.0,109.29,3668.79,5.4,4.0,0.2157
SKD11,cermet,oil,12,3,107.0,0.122,2.54,2.47,2839.0,1039.0,6.5,1093.56,7.1,8.5,0.6367
A5052,cermet,oil,25,6,277.3,0.443,2.97,2.35,3531.0,9384.0,65.61,2365.9,12.3,7.9,0.1811
FC250,hss,dry,10,3,131.7,0.282,5.46,3.55,4192.0,3547.0,68.68,3129.35,4.9,4.0,0.2076
SUS304,carbide,mql,25,3,74.2,0.043,0.41,0.69,945.0,123.0,0.04,14.77,355.4,232.1,0.1868
FC250,hss,water_soluble,16,4,165.0,0.272,3.18,3.64,3283.0,3577.0,41.37,2406.46,5.5,3.1,0.1321
S45C,carbide,water_soluble,10,4,216.2,0.232,9.66,22.8,6881.0,6390.0,1407.97,65132.99,5.1,4.5,0.2542
FC250,cbn,dry,10,6,113.5,0.293,2.2,3.62,3614.0,6353.0,50.5,2668.6,42.1,49.6,0.5822
FC250,carbide,oil,10,4,109.1,0.273,9.19,11.84,3472.0,3787.0,411.89,22656.65,21.8,11.9,0.1565
SUS304,cermet,water_soluble,8,6,97.2,0.09,3.64,3.78,3869.0,2091.0,28.74,2955.41,42.4,22.6,0.1366
SUS304,cbn,water_soluble,16,3,118.2,0.174,0.35,0.62,2352.0,1226.0,0.26,44.27,48.3,40.0,0.2064
FC250,cbn,water_soluble,16,6,86.5,0.204,5.42,12.51,1720.0,2110.0,143.15,15893.18,170.5,12.6,0.0287
SUS304,carbide,mql,10,2,55.0,0.117,2.56,5.9,1751.0,410.0,6.21,1410.29,471.9,277.9,0.1637
A5052,cbn,mql,8,6,190.0,0.219,1.27,0.94,7559.0,9926.0,11.92,200.8,97.2,83.7,0.1942
SKD11,cermet,water_soluble,10,4,88.6,0.026,1.43,3.01,2821.0,290.0,1.25,211.65,61.2,29.7,0.1404
SUS304,cermet,water_soluble,25,3,97.9,0.074,0.94,1.64,1247.0,278.0,0.43,137.44,81.5,84.4,0.3054
FC250,carbide,oil,8,3,134.6,0.244,2.33,4.16,5355.0,3916.0,37.99,1354.85,18.7,5.8,0.1013
SKD11,cbn,oil,12,3,51.5,0.135,1.13,1.06,1366.0,555.0,0.66,231.79,507.2,226.3,0.1362
A5052,hss,water_soluble,20,2,174.8,0.194,7.37,22.05,2782.0,1079.0,175.31,8022.9,11.5,9.9,0.1984
FC250,carbide,dry,16,6,164.0,0.3,3.91,10.56,3263.0,5866.0,241.93,14158.82,5.2,4.1,0.1809
SKD11,carbide,oil,8,6,115.2,0.059,1.06,1.78,4584.0,1620.0,3.05,317.29,7.4,2.8,0.0982
S45C,cermet,oil,16,6,128.4,0.252,2.27,2.33,2554.0,3867.0,20.41,2543.2,25.5,17.8,0.1981
S45C,cbn,mql,8,3,157.6,0.156,3.92,4.57,6270.0,2939.0,52.7,2675.73,17.7,18.7,0.3337
SKD11,cermet,water_soluble,12,3,108.9,0.068,1.8,4.92,2890.0,592.0,5.26,868.53,10.4,5.9,0.1655
A5052,hss,mql,8,2,364.3,0.215,4.24,0.99,14496.0,6243.0,26.08,229.09,4.9,5.0,0.308
SKD11,cbn,oil,12,3,64.3,0.098,1.96,3.07,1705.0,502.0,3.02,845.49,223.8,229.0,0.3577
SUS304,cermet,oil,20,3,63.6,0.079,1.86,0.52,1012.0,241.0,0.23,90.85,475.3,67.5,0.0486
S45C,carbide,mql,12,4,196.2,0.171,9.13,1.3,5203.0,3560.0,42.11,2576.0,5.3,4.4,0.2418
FC250,carbide,oil,10,2,196.6,0.286,4.05,11.95,6259.0,3585.0,173.46,5292.65,5.2,2.4,0.1158
A5052,hss,oil,25,4,383.4,0.293,6.19,3.79,4881.0,5721.0,134.16,3499.29,4.6,3.5,0.1906
A5052,cermet,oil,16,4,310.1,0.495,11.37,13.2,6169.0,12223.0,1834.68,37863.81,5.0,4.3,0.2157
SKD11,cermet,oil,10,6,67.0,0.132,1.12,3.26,2131.0,1692.0,6.19,1385.71,110.0,61.7,0.1674
S45C,carbide,dry,6,6,120.2,0.194,3.3,4.48,6379.0,7418.0,109.68,5473.09,14.7,5.2,0.0939
SKD11,cbn,dry,25,3,78.3,0.079,2.69,5.77,997.0,236.0,3.67,1756.52,46.7,54.5,0.5319
